Asset Name,Organization Name,Asset Types,Supporting Donors,Description,Website
Capacity Building,3iSolution,Human Capital & Know-how,European Union; Germany; Non-Governmental Organizations; Switzerland; United Nations,"The goal is to empower and equip organizations with the knowledge, skill sets, and tools necessary to overcome challenges, enabling them to respond more effectively in the present and sustain success in the future. Both in-person and remote learning environments are created to foster continuous improvement and innovation, ensuring that partners consistently grow and adapt to change.",https://3is.org/capacity-building/
Information Management Services,3iSolution,Human Capital & Know-how,European Union; Germany; Non-Governmental Organizations; Switzerland; United Nations,"The approach focuses on optimizing data collection, analysis, and dissemination of information to enable transparent communication and cooperation between stakeholders.",https://3is.org/information-management/
Monitoring & Evaluation,3iSolution,Crisis Analytics & Insights,European Union; Germany; Non-Governmental Organizations; Switzerland; United Nations,"Monitoring and evaluation (M&E) activities are supported as fundamental components for understanding impact, ensuring transparency, and fostering continuous improvements to projects. The objective is to deliver customized, robust frameworks and methodologies specifically designed to capture the outcomes of partners’ initiatives. The most effective M&E processes are considered to be continuous and should be integrated throughout the project wherever feasible. This approach ensures ongoing tracking of progress and transparently communicates the impact of the project to both donors and the communities being supported.",https://3is.org/monitoring-evaluation/
Strategy & Systems Development,3iSolution,Human Capital & Know-how,European Union; Germany; Non-Governmental Organizations; Switzerland; United Nations,"Strategy & Systems Development offers a comprehensive suite of services designed to ensure that work is targeted and effective. These services enable organizations to plan strategically, implement operations efficiently, and adapt proactively to dynamic and evolving situations. The primary objective is to establish efficient systems that optimize operations, empowering partners to work smarter rather than harder. This approach encompasses the development and integration of technology to enhance efficiency, scalability, and communication. By streamlining processes, operational costs are reduced and a foundation is laid for sustainable impact.",https://3is.org/strategy-systems-development/
Humanitarian Access Overview ,ACAPS,Data Sets & Commons,Canada; European Union; Norway; Switzerland; United Kingdom,The Global Humanitarian Access Overview is ACAPS’ twice-yearly assessment of the barriers that prevent aid from reaching people in crisis and people in crisis from receiving assistance.,https://www.acaps.org/en/thematics/all-topics/humanitarian-access
INFORM Severity,ACAPS; INFORM Consortium,Crisis Analytics & Insights,CRAF’d; Canada; European Union; Norway; Switzerland; United Kingdom; United Nations,"The INFORM Severity Index is an improved method for analyzing the severity of humanitarian crises on a global scale. It aims to enhance the management of humanitarian crises by providing decision-makers with a comparable and reliable summary of information regarding the severity of such crises. This information is updated monthly and is applicable worldwide. Since 2016, INFORM partners have been developing the INFORM Severity Index to complement the widely used INFORM Risk Index.",https://drmkc.jrc.ec.europa.eu/inform-index/INFORM-Severity
Risk Radar,ACAPS,Data Sets & Commons,Canada; European Union; Norway; Switzerland; United Kingdom,"The Risk Radar is a forward-looking analytical tool developed by ACAPS to identify countries and contexts where the humanitarian situation is likely to deteriorate significantly over the next six months. This tool integrates the monitoring of hundreds of crises, evaluates key drivers and triggers, and applies a systematic risk-analysis methodology—assessing both impact and probability—to highlight areas where urgent attention and preparedness may be required.",https://www.acaps.org/en/countries
ACLED Data,ACLED: Armed Conflict Location & Event Data,Data Sets & Commons,CRAF’d,"ACLED is a widely used conflict dataset that tracks the locations, dates, actors, and types of political violence and protest events across the world. Updated weekly, it covers over 150 countries and includes data on battles, riots, strategic developments, and civilian targeting. ACLED’s open-access data and analytical tools are used by policymakers, researchers, and humanitarian organizations to monitor conflict dynamics, assess risk, and support early warning systems and humanitarian planning.",https://acleddata.com/
Conflict Alert System (CAST),ACLED: Armed Conflict Location & Event Data,Crisis Analytics & Insights,CRAF’d,The ACLED Conflict Alert System (CAST) is a conflict forecasting visualization platform designed to predict political violence events up to six months in the future for every country in the world.,https://acleddata.com/platform/cast-conflict-alert-system
Conflict Exposure Calculator,ACLED: Armed Conflict Location & Event Data,Crisis Analytics & Insights,CRAF’d,"The Conflict Exposure Calculator integrates data from ACLED with population size estimates from WorldPop to estimate the civilian impact based on proximity to an event, event type, type of violent actor or specific armed group, location, and time.",https://acleddata.com/platform/conflict-exposure-calculator
Conflict Monitors,ACLED: Armed Conflict Location & Event Data,Crisis Analytics & Insights,CRAF’d,"The Conflict Monitors cover key areas and are designed to support conflict analysis, violence-prevention initiatives, and efforts to monitor emerging crisis situations.",https://acleddata.com/global-analysis/spotlight-areas
Trendfinder,ACLED: Armed Conflict Location & Event Data,Crisis Analytics & Insights,CRAF’d,"ACLED Trendfinder offers an array of interconnected tools for tracking patterns of political violence and protest. Using the visualization platform, users can identify important changes in political violence and protest across and within countries, situate this activity within historical contexts, and spot early warning signs.",https://acleddata.com/platform/trendfinder
Afrobarometer Survey Data,Afrobarometer,Data Sets & Commons,Canada; European Union; Foundations; Germany; Netherlands; Norway; Sweden,"Afrobarometer is a pan-African public-opinion research network that provides survey insights into democracy, governance, and economic conditions. Survey microdata and analysis tools are publicly available through an open-access portal.",https://www.afrobarometer.org/
Online Data Analytics,Afrobarometer,Data Sets & Commons,Canada; European Union; Foundations; Germany; Netherlands; Norway; Sweden,"The Online Data Analytics (ODA) tool is a free and user-friendly platform designed to facilitate the discovery, analysis, and utilization of high-quality data on the views and experiences of Africans. The ODA includes data sets from 39 African countries, with records dating back to 1999. Users can search data sets by country, survey question, or survey round. The tool allows for comparisons between individual countries and regions, as well as providing a continental perspective on selected topics. Data can be filtered by demographic variables such as gender, age, and education level, enabling users to identify trends over time.",https://www.afrobarometer.org/online-data-analysis/
Arab Barometer Survey Data,Arab Barometer,Data Sets & Commons,USA; United Nations,"Provides harmonized survey data covering public opinion on governance, religion, and economics in more than 20 Arab countries. The data is freely accessible and supports comparative analysis across the region.",https://www.arabbarometer.org/
Arab Pulse,Arab Barometer,Data Sets & Commons,USA,"The Arab Pulse was founded in 2018 to provide an outlet for political discussion on the Middle East and North Africa (MENA) based on quantitative research. The MENA region is in constant flux and faces new and old challenges. The Arab Pulse represents a central nexus for empirical and data-driven research focused on contemporary MENA politics, society, and values, engaging scholars, policymakers, and the media from the region and beyond.",https://www.arabbarometer.org/arab-pulse/
Data Analytics Tool,Arab Barometer,Crisis Analytics & Insights,USA,"The data analysis tool enables researchers without access to statistical software packages to perform simple descriptive analyses across all Arab Barometer waves and countries. Results can be downloaded in multiple formats and easily integrated into reports, articles, and presentations.",https://www.arabbarometer.org/survey-data/data-analysis-tool/
Conflict Forecast,BSE: Barcelona School of Economics,Crisis Analytics & Insights,Germany; United Kingdom,"Conflict Forecast specializes in conflict forecasting, prevention, and decision support. The forecasting methodology is explicitly designed to detect new, subtle signals of conflict risk in countries not currently at war. Detecting these risks is extremely difficult and requires accepting false positives. These predictions are then integrated into a novel policy evaluation tool to assess the tradeoff between the benefits of preventive action and the costs of acting on false-positive signals.",https://conflictforecast.org/
Survey Analytics,Corporación Latinobarómetro,Data Sets & Commons,African Union; Canada; European Union; International Financial Institutions (IFIs); International Organizations; Norway; Spain; Sweden; United Kingdom; United Nations,"The Latinobarómetro Online Analysis Platform enables users to explore and analyze data directly in their browser, without the need to download files or register. The platform is powered by JDSurvey, an analysis tool developed by JD Systems (Madrid), which is also responsible for maintaining the Latinobarómetro Data Archive.",https://www.latinobarometro.org/analisis-online
Survey Data (Corporación Latinobarómetro),Corporación Latinobarómetro,Data Sets & Commons,Canada; International Financial Institutions (IFIs); Norway; Sweden; United Nations,"Latinobarómetro is an annual public opinion survey that involves approximately 20,000 interviews in 18 Latin American countries, representing more than 600 million inhabitants. Some of the most relevant sections of the Latinobarómetro for freedom of expression and media development are ""Democracy"" and ""Media, Internet and Social Media."" Key topics include activities people like to do on the internet, perceptions of the use of private data for commercial purposes, and preferred social media platforms. The survey data is provided by Corporación Latinobarómetro.",https://www.latinobarometro.org/lat.jsp
PeaceRep,Coventry University; LSE: London School of Economics and Political Science; Queen's University Belfast; University of Edinburgh; University of St. Andrews; University of Stirling; World Peace Foundation,Data Sets & Commons,Ireland; United Kingdom; United Nations,"PeaceRep distributes the PA-X Tracker, an innovative digital tool designed to provide data-driven insights that support peace and transition processes. The suite of PeaceTech tools within the PA-X Tracker enables users to track and monitor the progress and implementation of peace and transition initiatives. The Tracker offers a comprehensive understanding of how peace processes are unfolding, identifies the stakeholders involved, and assesses the impact of these processes across a range of institutional, political, economic, humanitarian, and security indicators.",https://www.peaceagreements.org/
International Disaster Database (EM-DAT),CRED: Centre for Research on the Epidemiology of Disasters,Data Sets & Commons,Foundations; USA; United Nations,"EM-DAT compiles free, searchable global records of natural and technological disasters dating back to 1900. It provides standardized event-level data that is extensively used in disaster risk research, policy analysis, and early warning modeling.",https://www.emdat.be/
Solutions Inventory,Data2x,Crisis Analytics & Insights,Foundations,"Data2X is a global partnership dedicated to advancing gender-responsive data systems. The organization develops research, advocacy, and tools to enhance data on women and girls, including initiatives focused on capacity strengthening and the provision of innovation grants.",https://data2x.org/state-of-gender-data/gender-data-solutions/
Capacity & Training Services,Data Pop Alliance,Human Capital & Know-how,Brazil; Colombia; France; Germany; Peru; Spain; United Kingdom,"Data-Pop Alliance Capacity & Training Services build data literacy at scale by integrating technical, policy, and ethical perspectives into a global learning ecosystem. Through workshops, technical courses, and the Open Learning Hub, the initiative enables professionals to navigate opportunities and challenges, apply data science methods to non-traditional data sources, and advance equitable, evidence-driven decision-making across development and humanitarian contexts.",https://datapopalliance.org/dataliteracy/
"Data, Technology & Innovation (DTI) Services ",Data Pop Alliance,Human Capital & Know-how,Brazil; Colombia; France; Germany; Peru; Spain; United Kingdom,"The Data, Technology & Innovation (DTI) Initiative applies data science, AI, and scalable platform development to create ethical, sustainable digital tools for social impact. Combining dashboards, AI platforms, and applied ML research, it transforms complex datasets into actionable insights that strengthen decision-making for organizations and communities globally.",https://datapopalliance.org/our-work/data-tech-innovation/
Gannet AI,DFS: Data Friendly Space,Infrastructure & Platforms,Non-Governmental Organizations,"GANNET is a real-time, end-to-end Generative AI platform that combines near real-time assistance, analytics, and monitoring features for humanitarian data collaboration and effective decision-making.",https://www.datafriendlyspace.org/our-work/gannet
Demographic and Health Surveys (DHS),DHS: The Demographic and Health Survey,Data Sets & Commons,Foundations; United Nations,"The Demographic and Health Surveys (DHS) provide comprehensive and nationally representative data for monitoring and evaluating population, health, and nutrition indicators. These surveys support evidence-based decision-making and program design in developing countries by collecting high-quality information on fertility, family planning, maternal and child health, and HIV/AIDS.",https://dhsprogram.com/
Key Indicators Survey (KIS),DHS: The Demographic and Health Survey,Crisis Analytics & Insights; Data Sets & Commons,Foundations; United Nations,"The Key Indicators Survey (KIS) is designed to address the monitoring and evaluation needs of programs engaged in population and health activities in developing countries. It is particularly useful for generating data for small areas, such as regions, districts, or catchment areas, which may be the focus of individual projects. However, the KIS can also be applied in nationally representative surveys. The KIS tool comprises questionnaires, interviewer’s manuals, sampling guidelines, and a tabulation plan.",https://dhsprogram.com/methodology/Survey-Types/KIS.cfm
Malaria Indicators Survey (MIS),DHS: The Demographic and Health Survey,Data Sets & Commons,Foundations; United Nations,"The Malaria Indicator Surveys (MIS) collect data on household ownership and use of mosquito nets, malaria prevention during pregnancy, and access to effective treatment for fever in children. These surveys often include biomarker testing for malaria and anemia, enabling countries to assess progress toward malaria control targets.",https://dhsprogram.com/Methodology/Survey-Types/MIS.cfm
Service Provision Assessment (SPA),DHS: The Demographic and Health Survey,Data Sets & Commons,Foundations; United Nations,"The Service Provision Assessment (SPA) is a health facility survey designed to collect information on service availability and Quality of Care (QoC) measures within a country’s health system. The SPA addresses the urgent need for actionable monitoring data in participating countries. It assesses the availability and quality of care for a wide range of services, with a particular focus on antenatal care (ANC), family planning (FP), maternity care, and sick child services. Quality of Care measures are evaluated across two dimensions: structural quality, which includes physical and human resources, and process quality, which encompasses the provision of care and the experience of care.",https://dhsprogram.com/methodology/Survey-Types/SPA.cfm
UN Peace & Security Data Hub,DPO: United Nations Department of Peace Operations,Infrastructure & Platforms,Argentina; Australia; Austria; Belgium; Brazil; Canada; China; Czech Republic; Denmark; Finland; France; Germany; India; Ireland; Italy; Japan; Luxembourg; Mexico; Netherlands; Norway; Russia; Saudi Arabia; South Korea; Spain; Sweden; Switzerland; Turkiye; USA; United Kingdom,"A centralized data library that offers curated conflict-related datasets, published by the UN Department of Peace Operations (DPO), to support analytic peace and security programming.",https://psdata.un.org/
Global Displacement Forecast,DRC: Danish Refugee Council,Crisis Analytics & Insights,Denmark; European Union; Sweden,"The forecast platform provides predictive models of displacement risk based on conflict, climate, and governance indicators. It offers downloadable datasets and visual forecasts to support anticipatory humanitarian programming.",https://drc.ngo/resources/documents/global-displacement-forecast/
Epidemic Intelligence from Open Sources (EIOS),EC JRC: Joint Research Centre; WHO: World Health Organization ,Crisis Analytics & Insights,Australia; Canada; European Union; Foundations; France; Germany; India; International Financial Institutions (IFIs); Italy; Japan; Luxembourg; Netherlands; Nigeria; Norway; Pakistan; Saudi Arabia; South Korea; Sweden; Switzerland; USA; United Arab Emirates; United Kingdom; United Nations,"Epidemic Intelligence from Open Sources (EIOS) is a real-time platform developed by the World Health Organization (WHO) and the European Commission to collect, verify, and share public health threat information from open sources. The platform provides a centralized dashboard and alerting system designed to assist health agencies in monitoring emerging epidemics and coordinating responses.",https://www.who.int/initiatives/eios
Global Disaster Alert and Coordination System (GDACS),EC JRC: Joint Research Centre; OCHA: United Nations Office for the Coordination of Humanitarian Affairs; UNITAR: UN Institute for Training and Research; UNOSAT: The United Nations Satellite Centre,Crisis Analytics & Insights,Australia; Austria; Belgium; Canada; China; Denmark; Estonia; European Union; Finland; France; Germany; Greece; Iceland; International Financial Institutions (IFIs); Ireland; Italy; Japan; Luxembourg; Netherlands; New Zealand; Norway; Pakistan; Poland; Portugal; Qatar; Saudi Arabia; South Korea; Spain; Sweden; Switzerland; Thailand; Turkiye; USA; United Kingdom; United Nations,"The Global Disaster Alert and Coordination System (GDACS) is a cooperation framework between the United Nations, the European Commission, and disaster managers worldwide. Its purpose is to improve alerts, facilitate information exchange, and enhance coordination during the initial phase following major sudden-onset disasters.",https://www.gdacs.org/
GloFAS – Global Flood Awareness System,EC JRC: Joint Research Centre,Crisis Analytics & Insights,European Union,"GloFAS – Global Flood Awareness System, developed by the European Commission’s Joint Research Centre (EC-JRC) and the European Centre for Medium-Range Weather Forecasts (ECMWF), provides open-access flood forecasts and risk assessments. It integrates global hydrological models to support early warning systems and flood preparedness planning.",https://global-flood.emergency.copernicus.eu/
INFORM Climate Change,EC JRC: Joint Research Centre; INFORM Consortium,Crisis Analytics & Insights,CRAF’d; European Union; United Kingdom; United Nations,"INFORM Climate Change Risk Index is an upgrade of the INFORM Risk Index as it includes climate and socio-economic projections. It provides quantified estimates of the impacts of climate change on the future risk of humanitarian crises and disasters. The results are intended to inform policy choices across climate mitigation, climate adaptation, disaster risk reduction, sustainable development, and humanitarian assistance.",https://drmkc.jrc.ec.europa.eu/inform-index/INFORM-Climate-Change
INFORM Risk,EC JRC: Joint Research Centre; INFORM Consortium,Crisis Analytics & Insights,CRAF’d; European Union; United Kingdom; United Nations,"The INFORM Risk Index is a multi-hazard risk assessment tool developed by the Inter-Agency Standing Committee (IASC) and the European Commission. It combines data on hazards, vulnerability, and coping capacity to produce a composite score of disaster risk in over 190 countries. The index supports evidence-based disaster preparedness, humanitarian planning, and crisis response by identifying countries most at risk of crises that could overwhelm national response capacities. It is updated annually and incorporates more than 50 indicators.",https://drmkc.jrc.ec.europa.eu/inform-index
Copernicus Atmosphere Monitoring Service (CAMS),ECMWF: European Centre for Medium-Range Weather Forecasts,Crisis Analytics & Insights,European Union,"The Copernicus Atmosphere Monitoring Service (CAMS) provides global, quality-controlled information on air pollution, greenhouse gases, solar energy, and climate forcing. Implemented by ECMWF on behalf of the European Commission, the service integrates satellite and in-situ observations with advanced modelling to support environmental monitoring and public-facing applications across Europe and beyond.",https://atmosphere.copernicus.eu/
 Copernicus Climate Change Service (C3S) ,ECMWF: European Centre for Medium-Range Weather Forecasts,Data Sets & Commons,European Union,"Copernicus Climate Change Service (C3S) provides authoritative, open-access climate data and tools, including forecasts, historical datasets, and impact indicators. Managed by ECMWF, it supports risk analysis, adaptation planning, and policy development globally.",https://climate.copernicus.eu/
Copernicus Emergency Management Service Annual Conference,ECMWF: European Centre for Medium-Range Weather Forecasts,Learning & Exchange,European Union,"The Copernicus Emergency Management Service Annual Conference is a key event that brings together experts, stakeholders, and decision-makers from across Europe and beyond. The conference provides a platform for sharing knowledge, discussing best practices, and exploring the latest developments in emergency management. Participants engage in presentations, panel discussions, and interactive sessions focused on the use of Copernicus data and services in disaster risk reduction, preparedness, response, and recovery. The event highlights the impact of Copernicus Emergency Management Service products and fosters collaboration among the emergency management community, policy makers, and scientific experts.",https://www.copernicus.eu/en/events/events
CLIMADA Platform,ETH Zurich,Crisis Analytics & Insights,European Union; Germany; Switzerland,"CLIMADA Platform is an open-source risk assessment tool designed to model economic losses resulting from natural hazards by utilizing hazard, exposure, and vulnerability data. It is intended to support decision-making in policy, research, and risk finance contexts.",https://climada.ethz.ch/
AQUASTAT,FAO: Food and Agriculture Organization of the United Nations ,Data Sets & Commons,Austria; European Union; France; Germany; Netherlands; Switzerland,"FAO’s AQUASTAT is a global water information system that provides open-access data on water availability, irrigation, and usage. It supports analysis and decision-making related to food security, hydrology, and agricultural planning.",https://www.fao.org/aquastat/en/
Data in Emergencies Hub,FAO: Food and Agriculture Organization of the United Nations ,Data Sets & Commons,European Union,"Driven by regularly collected primary data, the objective of the Data in Emergencies (DIEM) Hub is to understand the impact of shocks in food crisis contexts and to inform decision-making in support of agricultural livelihoods. The DIEM Hub has been publicly available since June 2021.",https://data-in-emergencies.fao.org/
Food Prices Data,FAO: Food and Agriculture Organization of the United Nations ; WFP: United Nations World Food Programme,Data Sets & Commons,Argentina; Australia; Austria; Belgium; Brazil; Canada; Chad; China; Colombia; Denmark; European Union; Finland; Foundations; France; Germany; Haiti; Honduras; India; International Financial Institutions (IFIs); Ireland; Italy; Japan; Mexico; Netherlands; Norway; Pakistan; Poland; Russia; Saudi Arabia; Somalia; South Korea; Spain; Sweden; Switzerland; Turkiye; USA; United Arab Emirates; United Kingdom; United Nations,"This dataset contains information on countries, commodities, and markets, sourced from the World Food Programme Price Database. Due to the large volume of data, the actual food prices are provided in country-level datasets. The World Food Programme Price Database includes data on foods such as maize, rice, beans, fish, and sugar, covering 98 countries and approximately 3,000 markets. The database is updated weekly, though much of the data is reported on a monthly basis. Historical data is available as far back as 1992 for a few countries, while many others began reporting from 2003 or later.",https://data.humdata.org/dataset/global-wfp-food-prices
Food Security and Nutrition Update,FAO: Food and Agriculture Organization of the United Nations ; FSNWG: Food Security and Nutrition Working Group; ICPAC: IGAD Climate Prediction and Applications Centre,Crisis Analytics & Insights,Argentina; Australia; Austria; Belgium; Brazil; Canada; China; European Union; France; Germany; India; International Financial Institutions (IFIs); Italy; Japan; Mexico; Netherlands; Norway; Poland; Russia; Saudi Arabia; South Korea; Spain; Sweden; Switzerland; Turkiye; USA; United Kingdom; United Nations,"The Food Security and Nutrition Working Group (FSNWG) is a regional platform, currently co-chaired by ICPAC and FAO. It’s goal is two-fold: to provide an up-to-date food security and nutrition situation analysis (early warning) and to offer a forum to build consensus on critical issues facing policy and interventions. The FNSWG has served regional governments, donors, and non-governmental agencies since the early 2000’s. Current membership includes approximately 80 organisations (IGAD, UN agencies, NGOs, donors, and research institutions) who contribute to the operation of the working group, and its nutrition, markets, food security information, livestock and pastoralist sub-groups.",https://www.icpac.net/fsnwg/
GIEWS - Global Information and Early Warning System on Food and Agriculture,FAO: Food and Agriculture Organization of the United Nations ,Crisis Analytics & Insights; Data Sets & Commons,Argentina; Australia; Austria; Belgium; Brazil; Canada; China; European Union; France; Germany; India; International Financial Institutions (IFIs); Italy; Japan; Mexico; Netherlands; Norway; Poland; Russia; Saudi Arabia; South Korea; Spain; Sweden; Switzerland; Turkiye; USA; United Kingdom; United Nations,"FAO’s GIEWS delivers near real-time crop and food supply monitoring, offering geospatial visualizations and drought alerts across over 100 countries. The data supports food security risk assessment and response planning.",https://www.fao.org/giews/en/
Kente Threads: Weaving leadership from displacement data,FHN: Feminist Humanitarian Network ,Data Sets & Commons,CRAF’d,Kente Threads is a feminist initiative that reimagines humanitarian action by centering refugee women’s resilience and lived experiences.,https://mptf.undp.org/project/00141356
3W & Connections,Fields Data,Data Sets & Commons,,"At the heart of every humanitarian mission lies the critical 3Ws: identifying who is doing what and where. This approach ensures effective coordination, resource allocation, and response by providing a clear overview of the actors involved, their activities, and their locations. The 3W & Connections asset supports humanitarian efforts by mapping these essential elements, enabling organizations to collaborate efficiently and address needs on the ground.",https://data.humdata.org/organization/fieldsdata
Data Analytics,Fields Data,Human Capital & Know-how,,"Embracing a grassroots ethos, the team forges vital connections on the frontline. Before initiating data collection, they thoroughly explore the digital landscape to identify existing efforts and avoid redundancy. These online insights are then integrated with raw field data, gathered through collaboration with trusted local partners.",https://www.fieldsdata.org/data-analytics
Information Management ,Fields Data,Human Capital & Know-how,,"In the daily whirlwind, the data avalanche generated is often underestimated. However, there is a significant opportunity in standardizing and organizing this information. Doing so unlocks valuable lessons from the past, enhances efficiency, and supports informed, strategic decision-making.",https://www.fieldsdata.org/information-management
ROOTS Portal,Fields Data,Human Capital & Know-how; Infrastructure & Platforms,,"The ROOTS Portal provides a comprehensive dataset on local organizations, featuring a 3W map (Who does What, Where) that outlines the operational presence of both national and international organizations. This platform enables users to access detailed information about the activities and locations of various organizations, supporting coordination and informed decision-making.",https://www.fieldsdata.org/
Capacity Strenghtening,Flowminder Foundation,Human Capital & Know-how,European Union; Foundations; France; International Financial Institutions (IFIs); Switzerland; USA,"Flowminder strengthens the capacity of governments, UN agencies, mobile operators, private companies, and NGOs to maximize the benefits of new analytic techniques and data sources. Through expertise in geospatial and mobile operator data analytics, Flowminder collaborates with in-country partners to enhance data use among decision makers and to develop sustainable, long-lasting solutions.",https://www.flowminder.org/what-we-do/capacity-strengthening
FlowKit,Flowminder Foundation,Infrastructure & Platforms,European Union; Foundations; France; International Financial Institutions (IFIs); Switzerland; USA,"FlowKit is an open-source suite for the secure processing of de-identified mobile network data, designed to bridge the gap between mobile operators and humanitarian or development actors. By providing operator-controlled, audited access to mobility metrics via a dedicated API, FlowKit reduces technical barriers, safeguards privacy, and enables the scalable use of mobile data for crisis response, planning, and public-good analytics.",https://www.flowminder.org/what-we-do/mobile-data-partnerships/flowkit
GRID3: Geo-Referenced Infrastructure and Demographic Data for Development ,Flowminder Foundation; UNFPA: United Nations Population Fund; WorldPop,Data Sets & Commons; Human Capital & Know-how,Foundations; United Kingdom,"GRID3 provides high-resolution geospatial data, including population estimates, infrastructure mapping, and administrative boundaries, to support governments and organizations in planning, monitoring, and delivering services effectively.",https://grid3.org/
Population Distribution & Mobility Analysis,Flowminder Foundation,Human Capital & Know-how,European Union; Foundations; France; International Financial Institutions (IFIs); Switzerland; USA,"To provide decision makers with precise and accurate estimates of population changes and movements, and thereby support interventions in sectors such as health and disaster management, state-of-the-art methods have been developed for estimating population distribution and human mobility using mobile phone usage data, specifically Call Detail Records (CDRs), as well as survey, census, and geospatial data. CDRs are datasets automatically generated by mobile operators for billing purposes, regardless of phone type, and represent an attractive data source for estimating internal migration and displacement, particularly in low- and middle-income countries where data on human mobility are often scarce. These methods enable a more comprehensive understanding of population dynamics, supporting evidence-based decision making in critical sectors.",https://www.flowminder.org/what-we-do/population-distribution-and-mobility-analysis
Service Site Placement Optimisation,Flowminder Foundation,Human Capital & Know-how,European Union; Foundations; France; International Financial Institutions (IFIs); Switzerland; USA,"To maximise the use of public and private sites and services, such as schools, health facilities, vaccination sites, or mobile money agents, these facilities need to be located where they can reach the largest possible share of the population. Today, detailed data on population distributions, roads and river networks, population mobility patterns, and a range of other geospatial data are available, enabling decision makers to better identify service allocation issues. Using these data, Flowminder has developed a new methodology to support decision makers in identifying optimal locations for their services and to facilitate data-driven decision making.",https://www.flowminder.org/what-we-do/service-site-placement-optimisation
FNWG Alerts and Early Warning,FSNWG: Food Security and Nutrition Working Group,Crisis Analytics & Insights,Canada; European Union; Germany; United Kingdom,"FNWG Alerts and Early Warning provides timely notifications and early warnings regarding potential risks and emerging threats relevant to the asset. The service delivers clear, concise, and actionable information to support informed decision-making and proactive risk management. All alerts are presented in a neutral and descriptive manner, ensuring that stakeholders receive accurate and objective updates.",https://www.icpac.net/fsnwg/?update_type=5#results
FSNWG Special Reports,FSNWG: Food Security and Nutrition Working Group,Crisis Analytics & Insights,Canada; European Union; Germany; United Kingdom,"The Global Seismic Risk Map  poster comprises three global maps, and a ranking of the top 15 countries according to five risk metrics. The main map presents the geographic distribution of average annual loss (AAL) of the built-up area due to ground shaking in the residential, commercial and industrial building stock. It does not consider the effects of tsunamis, liquefaction, landslides, and fires following earthquakes. ",https://www.icpac.net/fsnwg/?update_type=2#results
Global Exposure Database (GED),GEM: Global Earthquake Model Foundation,Crisis Analytics & Insights,Australia; Finland; Germany; Italy; Japan; New Zealand; Norway; Switzerland; United Kingdom,"The Global Exposure Database (GED) is a spatial dataset developed by GEM that quantifies the exposure of buildings and infrastructure to natural hazards across countries. It encompasses structural typologies, occupancy data, and geographic distributions, allowing users to estimate potential losses from earthquakes and other disasters. GED is openly available and is widely utilized alongside hazard models to inform national disaster risk management strategies and to support resilience in urban development planning.",https://www.globalquakemodel.org/product/global-exposure-model
Global Seismic Hazard Map (GSHM),GEM: Global Earthquake Model Foundation,Crisis Analytics & Insights,Australia; Finland; Germany; Italy; Japan; New Zealand; Norway; Switzerland; United Kingdom,"The Global Seismic Hazard Map (GSHM), developed under the auspices of the Global Earthquake Model (GEM), provides probabilistic assessments of earthquake hazards worldwide. It combines global seismicity data, geological models, and ground motion prediction equations to estimate the likelihood of earthquake-induced ground shaking. The GSHM supports disaster risk reduction, urban planning, and insurance risk modeling by offering a harmonized and peer-reviewed reference for national and regional seismic hazard assessments.",https://www.globalquakemodel.org/product/global-seismic-hazard-map
Global Seismic Risk Map,GEM: Global Earthquake Model Foundation,Crisis Analytics & Insights,Australia; Finland; Germany; Italy; Japan; New Zealand; Norway; Switzerland; United Kingdom,"The Global Seismic Risk Map  poster comprises three global maps, and a ranking of the top 15 countries according to five risk metrics. The main map presents the geographic distribution of average annual loss (AAL) of the built-up area due to ground shaking in the residential, commercial and industrial building stock. It does not consider the effects of tsunamis, liquefaction, landslides, and fires following earthquakes.",https://www.globalquakemodel.org/product/global-seismic-risk-map
Global Vulnerability Model,GEM: Global Earthquake Model Foundation,Crisis Analytics & Insights,Australia; Finland; Germany; Italy; Japan; New Zealand; Norway; Switzerland; United Kingdom,"The Global Vulnerability Model consists of a set of functions that estimate the consequences of earthquakes of a given intensity to different building typologies. The database is separated by region-country/territory and considers functions for over 3500 building typologies identified in the Global Exposure Model developed, curated and maintained by the GEM Foundation. The fragility functions are derived analytically, using non-linear time-history analyses on equivalent single-degree-of-freedom oscillators and a large set of ground motion records representing several tectonic environments.",https://www.globalquakemodel.org/product/global-vulnerability-model
OpenQuake Platform,GEM: Global Earthquake Model Foundation,Crisis Analytics & Insights,Australia; Finland; Germany; Italy; Japan; New Zealand; Norway; Switzerland; United Kingdom,"Developed by the Global Earthquake Model (GEM) Foundation, the OpenQuake Platform is an open-source tool for seismic hazard and risk assessment. It provides researchers, engineers, and governments with models, tools, and databases to simulate earthquake impacts, assess vulnerability, and inform urban planning and disaster preparedness strategies. OpenQuake integrates data on seismicity, exposure, and building fragility, and is widely used in both academic research and national risk management initiatives.",https://www.globalquakemodel.org/product/openquake-engine
Territory Seismic Risk Profiles,GEM: Global Earthquake Model Foundation,Crisis Analytics & Insights,Australia; Finland; Germany; Italy; Japan; New Zealand; Norway; Switzerland; United Kingdom,"Territory Seismic Risk Profiles offer consolidated snapshots of seismic hazard and risk through social indicators, exposure and loss metrics, building class information, historical earthquake impacts, and mapped distributions of hazard and vulnerability. Based on 100,000-year simulated event models, they support risk management across residential, commercial, and industrial sectors.",https://www.globalquakemodel.org/product/seismic-risk-profiles
DISHA,Global Pulse,Crisis Analytics & Insights,Australia; Finland; Foundations; Private Firms,"Data Insights for Social & Humanitarian Action, also known as DISHA, is a multi-partner initiative led by UN Global Pulse, the Secretary-General’s Innovation Lab. The initiative aims to accelerate ethical and responsible access to data and artificial intelligence (AI) solutions in order to unlock social impact at scale.",https://disha.unglobalpulse.org/
HHI Conferences,Harvard Humanitarian Initiative,Learning & Exchange,USA,"HHI Conferences is an academic and applied research center dedicated to advancing humanitarian response through evidence-based practice, data science, and technology. The center serves as a bridge between academia, practitioners, and policy stakeholders.",https://hhi.harvard.edu/
Humanitarian Geoanalytics,Harvard Humanitarian Initiative,Crisis Analytics & Insights,Sweden; USA; United Kingdom; United Nations,"Humanitarian Geoanalytics integrates spatial data analysis, mapping, and field-based research to support humanitarian operations. It focuses on conflict dynamics, displacement, and vulnerability assessments using geospatial methods.",https://hhi.harvard.edu/humanitarian-geoanalytics
KoboToolbox,Harvard Humanitarian Initiative,Infrastructure & Platforms,Sweden; USA; United Kingdom; United Nations,"KoboToolbox is a free and open-source tool designed for mobile data collection in humanitarian crises. It is utilized by UN agencies, NGOs, and governments, offering features such as offline surveys, real-time dashboards, and collaborative field assessments.",https://hhi.harvard.edu/kobotoolbox
Signal Program,Harvard Humanitarian Initiative,Crisis Analytics & Insights; Standards & Coordination,Sweden; USA; United Kingdom; United Nations,"The Signal Program explores how emerging technologies—such as remote sensing and data analytics—can support protection in humanitarian emergencies. It develops tools, ethical frameworks, and applied research for crisis contexts.",https://hhi.harvard.edu/signal-program
Climate Action Navigator,HeiGIT: Heidelberg Institute for Geoinformation Technology,Crisis Analytics & Insights; Standards & Coordination,Foundations,"The Climate Action Navigator delivers climate action indicators tailored to specific cities. Using a framework of high-resolution spatial indicators, it provides actionable insights through data, maps, and reports co-developed with our partners. The dashboard integrates multiple data sources, including OpenStreetMap (OSM), openrouteservice (ORS), satellite imagery, and scientific research, ensuring comprehensive and reliable insights for decision-makers.",https://climate-action.heigit.org/
Geoinformation for Humanitarian Aid,HeiGIT: Heidelberg Institute for Geoinformation Technology,Crisis Analytics & Insights; Data Sets & Commons,Foundations,"In the face of growing humanitarian challenges, HeiGIT positions geoinformation as a central tool for enhancing crisis response, supporting environmental sustainability, and strengthening community resilience. By leveraging data and digital technologies, it assists humanitarian organizations in identifying vulnerabilities and hazards through risk assessments, integrating local knowledge to ensure context-specific and inclusive solutions. Through its geospatial expertise, HeiGIT pursues faster, smarter, and more effective humanitarian responses.",https://heigit.org/geoinformation-for-humanitarian-aid/#overview
Ohsome Dashboard,HeiGIT: Heidelberg Institute for Geoinformation Technology,Crisis Analytics & Insights; Infrastructure & Platforms; Standards & Coordination,Foundations,"The ohsome dashboard enables users to analyze OSM’s full-history data without programming skills. It generates accurate statistics and plots them directly in the dashboard, allowing for customizable filtering and grouping of tags and types across any region or time period. The ohsome quality API (OQAPI) provides access to OSM data quality information for specific regions and use-cases which might benefit i.e. humanitarian organizations and public administration.",https://dashboard.ohsome.org/en/
OpenRoute Service,HeiGIT: Heidelberg Institute for Geoinformation Technology,Crisis Analytics & Insights; Infrastructure & Platforms,Foundations; Germany,"Openrouteservice is an open-source platform leveraging OpenStreetMap data to provide advanced mobility and accessibility analysis. Surrounding the core engine is a vibrant ecosystem of services and tools, enabling seamless integration into diverse projects. We are committed to transparency, making our tools and research freely accessible. Our interactive map client highlights the platform’s capabilities and is available for anyone to explore.","https://maps.openrouteservice.org/#/place/@8.533887863159181,49.459003372452855,6"
HERA Data Collection,HERA: Humanitarian Emergency Response Africa,Human Capital & Know-how,,"HERA Data Collection provides detailed epidemiological datasets to support targeted health interventions, sharing comprehensive Covid-19 and Ebola data for Africa through the Humanitarian Data Exchange. By aggregating, validating, and updating reliable outbreak information, the initiative strengthens situational awareness for humanitarian and public health actors.",https://www.hera-ngo.org/our-services
HERA Support to NGO's,HERA: Humanitarian Emergency Response Africa,Human Capital & Know-how,,"HERA supports NGOs in their development by assisting with the creation of strategic frameworks, annual action plans, exploratory missions, project evaluations, security package implementation, and risk assessments. This comprehensive support enables organizations to enhance their effectiveness and achieve their goals.",https://www.hera-ngo.org/our-services
Conflict Barometer,HIIK: Heidelberg Institute for International Conflict Research,Data Sets & Commons,Germany,"Since 1992, the Conflict Barometer has qualitatively and quantitatively recorded the dynamics of political conflicts, both violent and non-violent, worldwide. In accordance with the HIIK methodology, violent conflicts are classified according to their intensity into violent crises (intensity 3), limited wars (intensity 4), and wars (intensity 5). Non-violent conflicts are divided into disputes (intensity 1) and non-violent crises (intensity 2). The annual report is supplemented by conflict maps, graphics, and datasets as well as Spotlight texts that shed light on the wider context of current conflict dynamics.",https://hiik.de/conflict-barometer/?lang=en
Map Kit,HIIK: Heidelberg Institute for International Conflict Research,Data Sets & Commons,Germany,"Map Kit is an annual collection of global and regional conflict maps derived from the Conflict Barometer, presenting national and subnational conflict trends alongside downloadable underlying data where available. The series offers ready-to-use static maps covering all world regions, supporting comparative conflict analysis and situational awareness.",https://hiik.de/data-and-maps/static-maps/?lang=en
Field Mapping Tasking Manager (FMTM),HOT: Humanitarian Open Street Map Team,Infrastructure & Platforms,Foundations,"Managed by the Humanitarian OpenStreetMap Team, the Field Mapping Tasking Manager (FMTM) coordinates mapping campaigns in crisis zones through volunteer contributions. It organizes tasks, quality controls labeling, and integrates open geospatial datasets into humanitarian operational platforms.",https://www.hotosm.org/updates/field-mapping-tasking-manager-fmtm/
HOT OpenSummit,HOT: Humanitarian Open Street Map Team,Learning & Exchange,Foundations,"The HOT Summits are a series of conferences by the Humanitarian OpenStreetMap Team, that bring together people from around the world working to make open geographic data available to improve the welfare of people living in vulnerable and disaster prone areas using OpenStreetMap as a foundation.",https://www.hotosm.org/opensummit23-24
LearnOSM,HOT: Humanitarian Open Street Map Team,Human Capital & Know-how,Foundations,"LearnOSM offers clear, easy-to-understand, step-by-step guides designed to help users get started with contributing to OpenStreetMap and utilizing OpenStreetMap data. For those interested in organizing an OpenStreetMap workshop, LearnOSM also provides comprehensive trainer resources.",https://learnosm.org/en/
Maps Data,HOT: Humanitarian Open Street Map Team,Data Sets & Commons,Foundations,"HOT is an international team dedicated to humanitarian action and community development through open mapping. The team collaborates to provide map data that revolutionizes disaster management, reduces risks, and contributes to the achievement of the Sustainable Development Goals.",https://www.hotosm.org/tools-and-data.html
Missing Maps,HOT: Humanitarian Open Street Map Team; MapSwipe; Netherlands Red Cross,Data Sets & Commons,Foundations; Netherlands,"Each year, disasters around the world kill nearly 100,000 people and affect or displace 200 million more. Many of the locations where these disasters occur are not represented on open and accessible maps, leaving first responders without the critical information needed to make informed decisions about relief efforts. Missing Maps is an open, collaborative project designed to map areas where humanitarian organizations are working to address the needs of people living at risk of disasters and crises. This initiative enables volunteers to contribute to mapping efforts, helping to ensure that vulnerable communities are visible and better supported during emergencies.",https://www.missingmaps.org/
Aid Worker Security Database (AWSD),Humanitarian Outcomes,Data Sets & Commons,Canada; Ireland,"The Aid Worker Security Database (AWSD) records major incidents of violence against aid workers, with incident reports spanning from 1997 to the present. Initiated in 2005, the AWSD remains the sole comprehensive global source of these data, providing the evidence base for analysis of the changing security environment for civilian aid operations.",https://www.aidworkersecurity.org/
"Coverage, Operational Reach, and Effectiveness (CORE)",Humanitarian Outcomes,Data Sets & Commons,Canada; Ireland,CORE is the latest data-driven initiative by Humanitarian Outcomes to provide quantifiable measures on the size of the humanitarian sector as well as its capacity and reach in crisis-affected countries.,https://humanitarianoutcomes.org/projects/core
Global Database of Humanitarian Organisations (GDHO),Humanitarian Outcomes,Data Sets & Commons,Canada; Ireland,"GDHO is a global compendium of organisations that provide aid in humanitarian crises. The database includes basic organisational and operational information on these humanitarian providers, which include international non-governmental organisations (grouped by federation), national NGOs that deliver aid within their own borders, UN humanitarian agencies, and the International Red Cross and Red Crescent Movement.",https://humanitarianoutcomes.org/projects/gdho
CrisisWatch,ICG: International Crisis Group,Crisis Analytics & Insights,Austria; European Union; France; Ireland; Liechtenstein; Qatar; Slovenia; South Korea; United Nations,"CrisisWatch is a global conflict tracker and early warning tool designed to help prevent deadly violence. It keeps decision-makers up-to-date with developments in over 70 conflicts and crises every month, identifying trends and alerting them to risks of escalation and opportunities to advance peace. In addition, CrisisWatch monitors over 50 situations through “standby monitoring” to provide timely information if developments indicate a drift toward violence or instability. Entries dating back to 2003 offer easily searchable conflict histories for the asset CrisisWatch.",https://www.crisisgroup.org/crisiswatch
eEARTH,ICG: International Crisis Group,Crisis Analytics & Insights,CRAF’d; Foundations; Liechtenstein,"Developed by the International Crisis Group, EEARTH is a revolutionary early warning system designed to identify climate-driven conflict pathways in the Horn of Africa. By integrating both quantitative and qualitative data, it offers a comprehensive approach to climate-security risks. Initially piloted in Somalia and South Sudan, EEARTH provides insights into the underlying causes of conflict risks. Its innovative approach is geared towards anticipating, preventing, and addressing the repercussions of climate-related security threats.",https://crafd.io/data-financing/eearth
Enhancing Early Warning Systems for Disaster Risk Reduction (E4DRR),ICPAC: IGAD Climate Prediction and Applications Centre,Crisis Analytics & Insights; Data Sets & Commons,European Union; International Financial Institutions (IFIs); United Kingdom,"ICPAC and NORCAP are building hazard models, impact estimates, and climate storylines for drought and flood events in Eastern Africa. Using ensemble prediction systems, the project creates counterfactual, physically consistent event narratives and composite datasets to improve impact-based forecasting, anticipatory action, and loss-damage assessment. Integrated into the East Africa Hazard Watch Portal, this work fills data gaps, strengthens localized risk insights, and supports more effective disaster risk reduction across a region facing climate, conflict, and displacement pressures.",https://www.icpac.net/our-projects/e4drr/
Displacement Severity Assessments,IDMC: Internal Displacement Monitoring Centre,Data Sets & Commons,Australia; CRAF’d; European Union; Foundations; Germany; International Financial Institutions (IFIs); Liechtenstein; Norway; Sweden; Switzerland,"IDMC conducts annual severity assessments to compare the living conditions of internally displaced households with those of returnee and non-displaced households within the same country. These assessments evaluate access to adequate housing, stable income, food security, and education, as well as the level of fear related to exposure to conflict or violence, explosive hazards, and other threats.",https://www.internal-displacement.org/displacement-severity-assessments/
Global Internal Displacement Database (GIDD),IDMC: Internal Displacement Monitoring Centre,Data Sets & Commons,Australia; CRAF’d; European Union; Germany; Norway; Sweden; United Kingdom,"The Global Internal Displacement Database (GIDD) is the result of an annual process that includes the collection, harmonization, and validation of data, followed by a comprehensive peer review. The process involves engagement with primary data providers and relevant stakeholders at national, regional, and global levels. Published each year, the GIDD has been recognized in several United Nations resolutions for its importance. The database provides detailed data by country and year for conflict-induced displacement, while disaster-induced displacement is documented at the event level. Since 2023, additional disaggregated data has also been made available.",https://www.internal-displacement.org/database/displacement-data/
Global Report on Internal Displacement (GRID),IDMC: Internal Displacement Monitoring Centre,Data Sets & Commons,Australia; CRAF’d; European Union; Germany; Norway; Sweden; United Kingdom,"IDMC’s Global Report on Internal Displacement (GRID) is the authoritative source for data and analysis on the state of internal displacement for the previous year. Each year, IDMC presents validated estimates of internal displacements caused by conflict and disasters, as well as the total cumulative numbers of internally displaced persons (IDPs) worldwide. The GRID also provides an overview of the year’s most significant internal displacement situations, highlighting potential measures to address the issue across the humanitarian, development, disaster risk reduction, and climate change agendas.",https://www.internal-displacement.org/global-report/
Global Repository of Good Practices,IDMC: Internal Displacement Monitoring Centre,Crisis Analytics & Insights; Learning & Exchange,Australia; CRAF’d; European Union; Foundations; Germany; International Financial Institutions (IFIs); Liechtenstein; Norway; Sweden; Switzerland,"As part of IDMC's investment in more systematic monitoring of national and global efforts to reduce the risk, scale, and negative impacts of internal displacement, the Global Repository of Good Practices provides a platform to compile, share, and evaluate policies and programmatic approaches to support better solutions for internally displaced people worldwide.",https://www.internal-displacement.org/good-practices/
Internal Displacement Updates (IDU),IDMC: Internal Displacement Monitoring Centre,Data Sets & Commons,Australia; CRAF’d; European Union; Germany; Norway; Sweden; United Kingdom,"IDMC’s Internal Displacement Updates (IDU) offer preliminary, timely, and detailed insights into new displacement events, reflecting ongoing daily monitoring efforts. This event-based dataset provides initial snapshots of displacement trends, which may later be refined and consolidated in the Global Internal Displacement Database (GIDD). It is important to note that these figures do not undergo the same level of quality control as the GIDD data, as the IDU data reflects timely updates that are subject to change as more information becomes available following a displacement event.",https://www.internal-displacement.org/database/api-documentation/
Enhanced Vulnerability and Capacity Assessment (EVCA),IFRC: International Federation of the Red Cross and Red Crescent,Human Capital & Know-how,Belgium; European Union; France; Germany; Ireland; Italy; Japan; Spain; Sweden; Switzerland; United Kingdom,"Trigger models are employed to establish danger levels that activate humanitarian anticipatory Early Action Protocols (EAPs). These models are developed using the Impact-Based Forecasting (IBF) methodology. Models have been built to trigger EAPs for hazards such as typhoon, flood, dzud, drought, and dengue. This approach supports the Enhanced Vulnerability and Capacity Assessment (EVCA) by providing a systematic and evidence-based process for determining when early action should be taken in response to specific risks.",https://preparecenter.org/site/evca/
GUARD,IFRC: International Federation of the Red Cross and Red Crescent,Data Sets & Commons,CRAF’d,"GUARD delivers rapid vulnerability analysis for at-risk populations in sudden-onset disasters through an automated web tool and open-source event dataset. This drives real-time insights, equitable resource allocation, and inclusive, evidence-based response plans. CRAF’d finances the tool and dataset development, rigorous validation, and integration into national disaster management frameworks f",https://mptf.undp.org/project/00141337
Public Health & Safety Insights (PHASI®),IFRC: International Federation of the Red Cross and Red Crescent,Data Sets & Commons,Belgium; European Union; France; Germany; Ireland; Italy; Japan; Spain; Sweden; Switzerland; United Kingdom,"PHASI® is a data integration and analysis platform developed by the American Red Cross that aggregates multi-sectoral indicators to identify public health and safety risks. It supports disaster planning, resource allocation, and early warning efforts.",https://www.redcross.org/about-us/driven-by-data/public-health-and-safety-insights.html
Trigger Model Development,IFRC: International Federation of the Red Cross and Red Crescent,Crisis Analytics & Insights,Belgium; European Union; France; Germany; Ireland; Italy; Japan; Spain; Sweden; Switzerland; United Kingdom,"Trigger models are employed to establish danger levels that activate humanitarian anticipatory Early Action Protocols (EAPs). These models are developed using the Impact-Based Forecasting (IBF) methodology. Models have been built to trigger EAPs for hazards such as typhoon, flood, dzud, drought, and dengue.",https://510.global/service/trigger-model-development/
Global Information Management Surge Capacity,iMMAP Inc.,Human Capital & Know-how,Germany; International Financial Institutions (IFIs); USA; United Nations,"The iMMAP Inc. global surge team consists of over 400 highly qualified and diverse national and international technical information management (IM) specialists. When required, iMMAP Inc. deploys experts on mission who combine technical IM skills with sectoral and programmatic experience in areas such as Coordination, Food Security, Health, Water, Sanitation and Hygiene (WASH), Protection, Nutrition, Cash, market and value chain analysis, context and geopolitical analysis, assessments, research, and more. These deployments are designed to improve country, regional, and global decision-making and planning processes in alignment with the Humanitarian Programme Cycle (HPC) principles.","https://immap.org/global-surge-program/#:~:text=The%20iMMAP%20Inc,HPC%29%20principles"
Information Management Services,iMMAP Inc.,Human Capital & Know-how,Germany; International Financial Institutions (IFIs); USA; United Nations,"The humanitarian crisis in Nigeria’s northeast states of Borno, Adamawa and Yobe (BAY) continues to severely affect millions of people who remain vulnerable to displacement, impoverishment, and threat of violence. What started as a localized insurgency more than eleven years ago has turned into a regional armed conflict with civilians, mostly women and children bearing the brunt of brutal clashes and attacks.",https://immap.org/product/information-management-services-in-support-of-humanitarian-action-in-nigeria/
Multi-Sectoral Needs Assessment (MSNA),iMMAP Inc.; OCHA: United Nations Office for the Coordination of Humanitarian Affairs; REACH; UNHCR: United Nations High Commissioner for Refugees; WFP: United Nations World Food Programme,Data Sets & Commons; Standards & Coordination,Australia; Austria; Belgium; Canada; Chad; China; Colombia; Denmark; Estonia; European Union; Finland; Foundations; France; Germany; Greece; Haiti; Honduras; Hungary; Iceland; International Financial Institutions (IFIs); Ireland; Italy; Japan; Kuwait; Luxembourg; Netherlands; New Zealand; Non-Governmental Organizations; Norway; Pakistan; Poland; Portugal; Qatar; Research / Think Tank; Russia; Saudi Arabia; Somalia; South Korea; Spain; Sweden; Switzerland; Turkiye; USA; United Arab Emirates; United Kingdom; United Nations,"The Multi-Sectoral Needs Assessment (MSNA) is a standardized, country-level data collection initiative designed to capture comprehensive multi-sectoral needs among crisis-affected populations. Implemented by IMPACT Initiatives through its REACH Initiative, the MSNA collects statistically representative, household-level data on sectors such as food security, health, shelter, WASH, education, and protection. While the initiative is closely coordinated with OCHA and humanitarian clusters in country-led responses, the technical design, survey implementation, and analysis are primarily led by REACH/IMPACT, with operational support from agencies like IOM , WFP or IMMAP.",https://dtm.iom.int/data-product-series/multi-sectoral-needs-assessment
INFORM Subnational Risk ,INFORM Consortium,Crisis Analytics & Insights; Data Sets & Commons,CRAF’d; European Union; United Kingdom; United Nations,"The INFORM Risk Index is a multi-hazard risk assessment tool developed by the Inter-Agency Standing Committee (IASC) and the European Commission. It combines data on hazards, vulnerability, and coping capacity to produce a composite score of disaster risk in over 190 countries. The index supports evidence-based disaster preparedness, humanitarian planning, and crisis response by identifying countries most at risk of crises that could overwhelm national response capacities. It is updated annually and incorporates more than 50 indicators.",https://drmkc.jrc.ec.europa.eu/inform-index
INFORM Warning,INFORM Consortium; UNDP: United Nations Development Programme,Crisis Analytics & Insights,CRAF’d,"INFORM Warning is a state-of-the-art, innovative global risk monitoring tool designed to anticipate complex risks up to a year in advance, directly linked to crisis funding instruments. It transcends traditional methods by presenting multi-hazard information from diverse sources. Its unique analysis offers insights into risk trends, forecasts, scenarios, and potential events leading to crisis impact.",https://drmkc.jrc.ec.europa.eu/inform-index/INFORM-Warning
Insecurity Insight,Insecurity Insight,Data Sets & Commons,European Union; Norway; Spain; Switzerland; United Kingdom,"Insecurity Insight examines threats facing people living and working in dangerous environments. The organization uses innovative data collection and analysis methods to generate insights relevant for aid workers, aid agencies, and those concerned with the protection of health workers, educators, internally displaced persons (IDPs), and refugees. The aim is to empower those who deliver vital services and to give a voice to those affected by insecurity.",https://insecurityinsight.org/
Conflict Data Dashboard,INSO: International NGO Safety Organization,Crisis Analytics & Insights; Data Sets & Commons,Canada; European Union; France; Germany; Luxembourg; Netherlands; Norway; Sweden; Switzerland; United Kingdom; United Nations,"The Conflict Data Dashboard presents all recorded security incidents by date, location, type, perpetrator, and the impact on civilians.",https://ngosafety.org/conflict-data-dashboard/
Humanitarian Data & Insights,INSO: International NGO Safety Organization,Crisis Analytics & Insights; Data Sets & Commons,Canada; European Union; France; Germany; Luxembourg; Netherlands; Norway; Sweden; Switzerland; United Kingdom; United Nations,"The Conflict Data Dashboard displays all recorded security incidents, meaning it shows all ‘Security incidents’ as defined above that have been recorded by INSO, not only those that affected NGOs.",https://ngosafety.org/humanitarian-data-dashboard/
Emergency Event Tracking (ETT),IOM: International Organization for Migration,Crisis Analytics & Insights,Australia; Canada; European Union; Germany; Italy; Japan; Netherlands; Norway; South Korea; USA; United Kingdom; United Nations,"The Emergency Tracking Tool (ETT) is a rapid, event-triggered DTM mechanism that delivers near-real-time updates on sudden displacement caused by conflict or disasters, enabling immediate situational awareness during the first hours and days of a crisis.",https://dtm.iom.int/data-product-series/emergency-event-tracking
Flow Data,IOM: International Organization for Migration,Data Sets & Commons,Australia; Canada; European Union; Germany; Italy; Japan; Netherlands; Norway; South Korea; USA; United Kingdom; United Nations,"DTM Flow Monitoring captures near-real-time data on population movements through key transit, entry, and exit points. It tracks volumes, directions, traveler profiles, reasons for movement, and intended destinations to understand mobility dynamics and emerging displacement routes.",https://dtm.iom.int/
Global Crisis Response Platform,IOM: International Organization for Migration,Crisis Analytics & Insights; Data Sets & Commons,Australia; Canada; European Union; Germany; Italy; Japan; Netherlands; Norway; South Korea; USA; United Kingdom; United Nations,"The Global Crisis Response Platform (GCRP) is a data and analytics platform that aggregates global risk indicators, country profiles, and dashboards to support early-warning, crisis preparedness, and financing decisions across development and humanitarian systems.",https://crisisresponse.iom.int/index.php/
Humanitarian Data Science and Ethics Group (DSEG),IOM: International Organization for Migration,Learning & Exchange; Standards & Coordination,Australia; Canada; European Union; Germany; Italy; Japan; Netherlands; Norway; South Korea; USA; United Kingdom; United Nations,"The Humanitarian Data Science and Ethics Group (DSEG) is a community of practice dedicated to advancing ethical, responsible, and inclusive data science within humanitarian contexts. The group supports the development and implementation of standards, tools, and guidance that prioritize protection principles and data accountability.",https://www.hum-dseg.org/about
Humanitarian Needs Assessment (HNA),IOM: International Organization for Migration,Data Sets & Commons,Australia; Canada; European Union; Germany; Italy; Japan; Netherlands; Norway; South Korea; USA; United Kingdom; United Nations,"IOM conducts Humanitarian Needs Assessments (HNA) using its Displacement Tracking Matrix (DTM) to evaluate the needs of displaced populations and host communities. These assessments provide critical, data-driven insights into sectoral needs (shelter, food, protection) for humanitarian responses.",
IDP Baseline,IOM: International Organization for Migration,Data Sets & Commons,Australia; Canada; European Union; Germany; Italy; Japan; Netherlands; Norway; South Korea; USA; United Kingdom; United Nations,"The DTM IDP Baseline Assessment provides a census-style snapshot of displaced populations, documenting where IDPs, returnees, and migrants are located at administrative levels, along with population counts and basic demographic characteristics. It establishes the authoritative “who and where” baseline for displacement contexts.",https://dtm.iom.int/data-product-series/idps-or-migrants-baseline-assessment
IDP Returnees,IOM: International Organization for Migration,Data Sets & Commons,Australia; Canada; European Union; Germany; Italy; Japan; Netherlands; Norway; South Korea; USA; United Kingdom; United Nations,"DTM Returnee Monitoring documents the locations, numbers, and basic characteristics of populations returning to areas of origin after displacement. It supports analysis of return trends, reintegration conditions, and risks of secondary displacement.",https://dtm.iom.int/
Migration Data Portal,IOM: International Organization for Migration,Infrastructure & Platforms,Germany; Switzerland; USA; United Kingdom,"The Migration Data Portal serves as a unique access point to timely, comprehensive migration statistics and reliable information about migration data on a global scale.",https://www.migrationdataportal.org/
PRIMARI,IOM: International Organization for Migration,Data Sets & Commons,CRAF’d,"The International Organization for Migration’s Global Data Institute introduces PRIMARI, an ambitious initiative designed to enhance understanding of global mobility by consolidating sub-national displacement data with migration insights. This project aims to create a composite dataset covering up to 60 countries, utilizing the extensive data resources of the Displacement Tracking Matrix (DTM). PRIMARI is distinguished by its dedication to integrating diverse data streams into a single, accessible, and actionable dataset, supported by a comprehensive metadata repository to ensure data transparency and integrity.",https://crafd.io/projects/iom-primari
Service Mapping,IOM: International Organization for Migration,Data Sets & Commons,Australia; Canada; European Union; Germany; Italy; Japan; Netherlands; Norway; South Korea; USA; United Kingdom; United Nations,"DTM Service Mapping systematically maps the location, functionality, and accessibility of services and facilities—such as health, WASH, education, and humanitarian services—within displacement-affected areas to identify coverage gaps and support referrals.",https://dtm.iom.int/
Site Assessment,IOM: International Organization for Migration,Data Sets & Commons,Australia; Canada; European Union; Germany; Italy; Japan; Netherlands; Norway; South Korea; USA; United Kingdom; United Nations,"DTM Site and Settlement Assessments provide granular, site-level data on displacement locations such as camps and informal settlements, including population figures, shelter conditions, service availability, and protection risks to guide operational responses.",https://dtm.iom.int/
IPC Analytics Portal,IPC: Integrated Food Security Phase Classification,Crisis Analytics & Insights; Data Sets & Commons,Canada; European Union; Germany; International Financial Institutions (IFIs); United Kingdom; United Nations,The IPC Analytics Portal serves as the global public platform where official IPC food insecurity analyses and maps are published. It provides a single-entry point for accessing validated IPC classifications from around the world.,https://www.ipcinfo.org/ipc-country-analysis/en/
IPC Infographics,IPC: Integrated Food Security Phase Classification,Crisis Analytics & Insights,Canada; European Union; Germany; International Financial Institutions (IFIs); United Kingdom; United Nations,"IPC Infographics provide regularly updated visual summaries of acute food insecurity and malnutrition across crisis-affected countries. Drawing on IPC analytical processes, these snapshots translate complex assessments into accessible, country-specific insights used by policymakers, humanitarian actors, and early warning systems to monitor hunger trends and guide response planning.",https://www.ipcinfo.org/ipcinfo-website/resources/infographics/en/
IPC Mapping Tool,IPC: Integrated Food Security Phase Classification,Data Sets & Commons,Canada; European Union; Germany; International Financial Institutions (IFIs); United Kingdom; United Nations,It is an enhanced interactive interface that displays a map of all the countries where the IPC operates and provides the option to download population data.,https://www.ipcinfo.org/ipc-country-analysis/ipc-mapping-tool/
 IPC Population Tracking Tool,IPC: Integrated Food Security Phase Classification,Data Sets & Commons,Canada; European Union; Germany; International Financial Institutions (IFIs); United Kingdom; United Nations,"The IPC Population Tracking Tool is an online platform that provides public access to population data from more than 30 different countries. It enables users to download resource data for offline IPC analyses dating back to 2017. All national population figures are derived from official country population estimates, while IPC estimates are those published in country IPC reports.",https://www.ipcinfo.org/ipc-country-analysis/population-tracking-tool/en/
GIGA School Location and Connectivity,ITU: International Telecommunication Union; UNICEF: United Nations Children's Fund,Infrastructure & Platforms,Brazil; Foundations; Latvia; Non-Governmental Organizations; Private Firms; United Kingdom,"Giga helps governments connect schools to the internet by mapping schools, modeling the requisite infrastructure, mobilizing finance and contracting for connectivity. They deploy products and services to fit a country’s school connectivity needs, supported by capacity development throughout.",https://giga.global/
Women Within Armed Groups,"Josef Korbel School, University of Denver; UN Women",Data Sets & Commons; Standards & Coordination,CRAF’d,"A first-of-its-kind global dataset on women’s roles
in non-state armed groups is set to enhance peacebuilding across 500 women’s wings of non-state
armed groups. Led by the University of Denver in
collaboration with research partners, the project will
inform programming in conflict-affected settings. ",
MapAction Services,MapAction,Human Capital & Know-how,Germany; United Kingdom,"When major emergencies occur, MapAction provides surge support to partners at short notice, enabling them to make sense of chaotic, dangerous, and rapidly evolving situations and to coordinate the most effective response. MapAction operates both in-country and remotely. The organization’s well-rehearsed deployment model ensures that mapping professionals can be on the scene within 24-48 hours of a disaster striking. Even before arriving in-country, they begin collecting data and information that will be crucial in helping to coordinate the global response and ensure that aid reaches those who need it most.",https://mapaction.org/about-us/emergency-response/
MapSwipe Data,MapSwipe,Infrastructure & Platforms,,"MapSwipe coordinates volunteer mapping of satellite imagery to create open building and infrastructure datasets in underserved areas. It supports crisis mapping, response planning, and humanitarian targeting.",https://mapswipe.org/en/
Conflict Climate Displacement,Netherlands Red Cross; RCCC: Red Cross Red Crescent Climate Centre,Data Sets & Commons,CRAF’d,"A new generation risk data initiative is shining a light on where climate, conflict, and displacement risks collide across sub-Saharan Africa, North Africa, and the Middle East (MENA). By integrating these drivers into one analytical stream, it delivers actionable insights tailored to conflict-affected and climate-vulnerable populations, filling critical gaps and enabling anticipatory action. Led by the Red Cross Red Crescent Climate Centre, together with the Netherlands Red Cross’ 510 Initiative and the International Committee of the Red Cross (ICRC), the risk data supports more informed and anticipatory decision-making across the humanitarian system. ",https://mptf.undp.org/project/00140919
Netherlands Red Cross‘ 510 Data Team,Netherlands Red Cross,Human Capital & Know-how,Denmark; European Union; France; Germany; Netherlands; United Nations,"The 510 Data Team supports innovation by implementing data science projects focused on disaster preparedness, local early warning systems, and the development of big data tools throughout the Red Cross network.",https://510.global/
HDX HAPI,OCHA: Centre for Humanitarian Data,Infrastructure & Platforms,,"The initial scope of HDX HAPI was aligned with that of the HDX Data Grids, focusing on providing the foundational data required to understand humanitarian contexts. Over time, the scope of HDX HAPI has expanded beyond the original Data Grids to encompass a broader range of data. A live dashboard is available to monitor data availability by country.",https://data.humdata.org/hapi
HDX Signals,OCHA: Centre for Humanitarian Data,Crisis Analytics & Insights,,"HDX Signals is a product and service provided by the Humanitarian Data Exchange (HDX) that monitors key datasets and generates automated notifications via email when significant, negative changes are detected. The system is designed to support timely decision-making by alerting users to important shifts in humanitarian data.",https://data.humdata.org/signals
Humanitarian Data Exchange (HDX),OCHA: Centre for Humanitarian Data,Infrastructure & Platforms,,"Managed by the United Nations Office for the Coordination of Humanitarian Affairs (OCHA), the Humanitarian Data Exchange (HDX) is a centralized platform for sharing humanitarian data. It offers access to over 20,000 datasets from more than 300 organizations, covering themes such as population, conflict, health, and displacement. HDX includes the Data Grid and the COVID-19 Data Explorer, and it plays a crucial role in promoting data transparency, interoperability, and informed decision-making in humanitarian settings.",https://data.humdata.org/
Humanitarian Data Forum,OCHA: Centre for Humanitarian Data,Learning & Exchange,CRAF’d,"The Humanitarian Data Forum provides an opportunity for members of the data community to reconnect and collaborate. The inaugural Forum, held in The Hague, brought together over 160 participants from 42 countries to help shape the future of humanitarian data. Attendees represented a diverse range of organizations, including UN agencies, local and global NGOs, governments, the private sector, and academia.",https://centre.humdata.org/humanitarian-data-forum-recap/
Humanitarian Exchange Language (HXL),OCHA: Centre for Humanitarian Data,Standards & Coordination,,HXL is a simple standard designed for messy data. It uses HXL hashtags to accelerate data processing and enable interoperability across various data sources.,https://hxlstandard.org/
Administrative Boundaries Data (COD-AB),OCHA: United Nations Office for the Coordination of Humanitarian Affairs; WorldPop,Data Sets & Commons,Australia; Austria; Belgium; Canada; Denmark; Estonia; European Union; Finland; Foundations; France; Germany; Greece; Iceland; International Financial Institutions (IFIs); Ireland; Italy; Japan; Luxembourg; Netherlands; New Zealand; Non-Governmental Organizations; Norway; Poland; Portugal; Qatar; Saudi Arabia; South Korea; Spain; Sweden; Switzerland; Turkiye; USA; United Kingdom,"OCHA’s Common Operational Data Administrative Boundaries (COD‑AB) is a curated, harmonized global dataset aligned with OCHA’s COD standard. It is designed to support mapping, analysis, and coordination in humanitarian operations.",https://data.humdata.org/dataset/?dataseries_name=COD+-+Subnational+Administrative+Boundaries&dataseries_name=OCHA+-+Subnational+Edge-matched+Administrative+Boundaries&q=&sort=last_modified+desc&ext_page_size=25
Common Operational Datasets (CODs),OCHA: United Nations Office for the Coordination of Humanitarian Affairs,Standards & Coordination,Australia; Austria; Belgium; Canada; Denmark; Estonia; European Union; Finland; France; Germany; Greece; Iceland; Ireland; Italy; Japan; Luxembourg; Netherlands; New Zealand; Norway; Poland; Portugal; Qatar; Saudi Arabia; South Korea; Spain; Sweden; Switzerland; Turkiye; USA; United Kingdom,Common Operational Datasets (CODs) are authoritative reference datasets utilized by humanitarian organizations to support response efforts and inform decision-making. They offer a consistent and standardized data framework that enables all actors involved in a crisis to coordinate effectively.,https://knowledge.base.unocha.org/wiki/spaces/imtoolbox/pages/4099440644/Common+Operational+Datasets+CODs+and+Dashboard
Financial Tracking Services,OCHA: United Nations Office for the Coordination of Humanitarian Affairs,Infrastructure & Platforms,Australia; Austria; Belgium; Canada; Denmark; Estonia; European Union; Finland; France; Germany; Greece; Iceland; Ireland; Italy; Japan; Luxembourg; Netherlands; New Zealand; Norway; Poland; Portugal; Qatar; Saudi Arabia; South Korea; Spain; Sweden; Switzerland; Turkiye; USA; United Kingdom,"OCHA’s Financial Tracking Service (FTS) collects, standardizes, and publishes real-time humanitarian funding data globally. It provides dashboards and downloadable datasets that track donor and recipient transactions during emergencies, ensuring transparency across funding flows.",https://fts.unocha.org/
"Global Humanitarian Operational Presence Who, What, Where (3W) Portal",OCHA: United Nations Office for the Coordination of Humanitarian Affairs,Data Sets & Commons,Australia; Austria; Belgium; Canada; Denmark; Estonia; European Union; Finland; France; Germany; Greece; Iceland; Ireland; Italy; Japan; Luxembourg; Netherlands; New Zealand; Norway; Poland; Portugal; Qatar; Saudi Arabia; South Korea; Spain; Sweden; Switzerland; Turkiye; USA; United Kingdom,"The 3W data is sourced from OCHA country and regional offices around the world and compiled by the Field Information Services (FIS) Section of OCHA. The data are as provided, and organization names and acronyms are not standardized. The frequency of 3W data collection varies across offices, and the compiled database includes what is available up to the date of publishing. This information supports the asset Global Humanitarian Operational Presence Who, What, Where (3W) Portal.",https://data.humdata.org/m/dataset/ocha-global-humanitarian-operational-presence-who-what-where-3w-portal
Humanitarian Programme Cycle (HPC),OCHA: United Nations Office for the Coordination of Humanitarian Affairs,Crisis Analytics & Insights,Australia; Austria; Belgium; Canada; Denmark; Estonia; European Union; Finland; France; Germany; Greece; Iceland; Ireland; Italy; Japan; Luxembourg; Netherlands; New Zealand; Norway; Poland; Portugal; Qatar; Saudi Arabia; South Korea; Spain; Sweden; Switzerland; Turkiye; USA; United Kingdom,"The Humanitarian Programme Cycle refers to a series of actions undertaken in the management of international humanitarian response operations. These must be conducted, to the extent possible, in collaboration with and in support of national and local authorities.

",https://www.ochaopt.org/coordination/hpc
 Rapid Assessment Data,OHCHR: United Nations High Commissioner for Human Rights,Data Sets & Commons,CRAF’d,"The Rapid Assessment Data project accelerates the reporting of conflict-related violence in fragile settings by automating data gathering from open and established sources and integrating Machine Learning (ML) driven analysis. The project’s impacts include enhanced risk assessment, more targeted interventions, and the empowerment of at-risk populations to advocate for protective measures.",https://mptf.undp.org/project/00141135
Advanced Analytics,Pacific Disaster Center ,Crisis Analytics & Insights,USA,"PDC’s Multi-hazard Risk Score combines multi-hazard exposure, vulnerability (susceptibility to impact), and coping capacity (the relative ability to absorb negative disaster impacts). This score provides a comprehensive measure of how each country may be affected by hazards and disasters as a whole over time.",https://www.pdc.org/advanced-analytics/
AI for Humanity,Pacific Disaster Center ,Crisis Analytics & Insights,USA,"PDC’s advanced natural language processing and generative AI are being leveraged to greatly reduce the manual labor and time involved with finding, analyzing, and curating global hazard content. This enables PDC to provide more comprehensive coverage of hazard events worldwide through its DisasterAWARE Pro risk intelligence and early warning platform. These repetitive and time-consuming tasks are now performed by AI Hazard Finder with greater speed and accuracy than previously possible.",https://www.pdc.org/artificial-intelligence/
DisasterAWARE,Pacific Disaster Center ; The Pacific Community,Infrastructure & Platforms,Australia; European Union; France; Germany; International Financial Institutions (IFIs); New Zealand; Sweden; USA; United Nations,"DisasterAWARE is a global platform that provides real-time hazard alerts, dashboards, and geospatial tools to support disaster preparedness and early warning. The platform integrates predictive models and hazard tracking using data from global datasets, enabling comprehensive monitoring and response to potential disasters.",https://www.disasteraware.com/
Disaster Management Training,Pacific Disaster Center ,Human Capital & Know-how,USA,"Learn the basics and progress to becoming an advanced user in DisasterAWARE software. On-site, instructor-led classroom training is available at either the client’s location or the provider’s facilities. Support is offered to help achieve nearly any training objective.",https://www.pdc.org/training-and-exercises/
National Disaster Preparedness,Pacific Disaster Center ,Crisis Analytics & Insights,USA,"PDC’s National Disaster Preparedness Baseline Assessment is more than an assessment. It is a long-term program designed to help countries evaluate risk and disaster management capacity and apply these insights to early warning, disaster preparedness, policy and planning, sustainable development, and resilience-building initiatives. The national baseline assessment is the only U.S. program recognized by the United Nations to assist countries in operationalizing the goals of the Sendai Framework for Disaster Risk Reduction. It provides an evidence-based foundation for actions to be taken and investments to be made in achieving long-term resilience and strengthening national disaster preparedness.",https://www.pdc.org/ndpba/
Monitoring & Evaluation,PANDA,Crisis Analytics & Insights; Human Capital & Know-how,International Financial Institutions (IFIs),"IMPACT’s PANDA initiative aims to improve the effectiveness, efficiency, and efficacy of humanitarian and development interventions. PANDA supports the entire humanitarian programme cycle, including programme design, assessments, baselines, monitoring, and evaluation.",https://www.impact-initiatives.org/what-we-do/panda/
PANDA Building Capacities,PANDA,Human Capital & Know-how,International Financial Institutions (IFIs),"IMPACT’s PANDA builds capacities of local and international actors to understand crisis dynamics through training and tools in information management, assessments, monitoring and evaluation, and GIS. The initiative enhances partners’ analytical capabilities to improve the effectiveness and responsiveness of humanitarian interventions.",https://www.impact-initiatives.org/what-we-do/panda/
Advanced Data Planning Tool (ADAPT),PARIS21,Learning & Exchange,Belgium; Canada; Foundations; Germany; South Korea; Sweden; Switzerland; United Kingdom; United Nations,"ADAPT assists governments in assessing their statistical capacity, planning national data strategies, and making cost-effective investments in data infrastructure. It supports Sustainable Development Goal (SDG) tracking and capacity development in low- and middle-income countries.",https://www.paris21.org/advanced-data-planning-tool-adapt
Clearinghouse for Financing Development Data,PARIS21,Crisis Analytics & Insights,Belgium; Canada; Foundations; Germany; South Korea; Sweden; Switzerland; United Kingdom; United Nations,"This is a global platform that tracks investments in national statistical systems. It offers open-access monitoring of resource flows, donor commitments, and financing gaps related to data for development.",https://paris21-data.github.io/CH_methodology_note/about-the-data.html
Guidelines for National Strategy for the Development of Statistics (NSDS) ,PARIS21,Data Sets & Commons,Belgium; Canada; Foundations; Germany; South Korea; Sweden; Switzerland; United Kingdom; United Nations,"The Guidelines for National Strategy for the Development of Statistics (NSDS) by PARIS21 provide structured guidance and tools to assist countries in designing national statistics strategies, aligning donor support, and integrating data systems for sustainable development planning.",https://nsdsguidelines.paris21.org/en/homepage
PARIS21 Academy,PARIS21,Human Capital & Know-how,United Nations,"An online learning platform that offers training, MOOCs, and webinars focused on statistical capacity building and data system strengthening to support evidence-based policymaking.",https://academy.paris21.org/
PARIS21’s Statistical Capacity Monitor ,PARIS21,Data Sets & Commons,United Nations,"An analytical platform that tracks country-level data system development and SDG readiness, providing dashboards and indicators to support the alignment of donor assistance with national priorities.",https://statisticalcapacitymonitor.org/about/
EMPOW: Women’s Empowerment in Peace Processes,PRIO: Peace Research Institute Oslo,Data Sets & Commons; Standards & Coordination,CRAF’d,"EMPOW will address the data gap on Women, Peace and Security (WPS) by creating interoperable datasets: EMPOW Agency and EMPOW Reform. The objective is to generate and harmonize data on women's empowerment across all peace process phases—from pre-negotiations to post-war peacebuilding—and ensure compatibility with leading crisis data, such as the Uppsala Conflict Data Program.",https://mptf.undp.org/project/00141160
NYU + VIEWS: Data for Peace Conference,PRIO: Peace Research Institute Oslo,Learning & Exchange,European Union; Germany; Norway; South Korea; United Kingdom,"The Data for Peace Conference gathers national and international stakeholders for a multi-day hybrid programme focused on leveraging data, analytics, and emerging technologies for peacebuilding and prevention. Through panels, workshops, pitches, and networking sessions, the event strengthens collaboration across the humanitarian–development–peace and climate sectors and promotes practical capacity building for the global data-for-peace community.",https://cic.nyu.edu/events/data-for-peace-leveraging-data-to-foster-lasting-peace/
Peace Facilitation Organizations (PFOs) Mapping,PRIO: Peace Research Institute Oslo,Data Sets & Commons,European Union; Germany; Norway; South Korea; United Kingdom,"Since the end of World War II, the practice of peace mediation was restricted to diplomatic circles and international organizations, such as the United Nations. In recent decades, however, the field has witnessed the emergence of a new group of non-governmental actors known as Peace Facilitation Organizations (PFOs). PFOs are defined as independent organizations whose work consists of facilitating, advising, supporting, or implementing peace mediation or dialogue initiatives. The PFOs mapping dataset documents the PFOs that currently operate worldwide and provides information on their background, structure, approach, modus operandi, funding model, and other characteristics. The mapping aims to shed light on this field and identify these organizations, primarily from Western countries, that have professionalized peace mediation and contributed a certain degree of dexterity and standardization to peace processes.",https://www.prio.org/data/34
Uppsala Conflict Data Program (UCDP),PRIO: Peace Research Institute Oslo; Uppsala University,Data Sets & Commons,Sweden,"UCDP offers conflict datasets, battle event data, and fatalities statistics to support academic and policy research on global violence trends.",https://www.uu.se/en/department/peace-and-conflict-research/research/ucdp/
Violence & Impacts Early-Warning System (VIEWS),PRIO: Peace Research Institute Oslo; Uppsala University,Crisis Analytics & Insights,CRAF’d,The Violence & Impacts Early-Warning System (VIEWS) is an academic research consortium and conflict prediction system jointly led by Uppsala University and the Peace Research Institute Oslo. The VIEWS consortium brings together a suite of interrelated projects dedicated to exploring state-of-the-art approaches for studying and predicting the risk of violent conflicts and their impacts on society and human development.,https://crafd.io/data-financing/viewspin
Regional Climate Change Conference,RCCC: Red Cross Red Crescent Climate Centre,Learning & Exchange,Italy,"The Regional Climate Change Conference (RCCC) convenes regional and global stakeholders in Bangkok and online to address resilience and climate change adaptation, with a focus on inclusive and sustainable communities. Through keynotes, panels, workshops, and capacity-building activities, it promotes knowledge exchange, climate finance and entrepreneurship, community-led adaptation, and inter-regional policy dialogue.",https://rccc.tiikm.com/
National Budget Archive,SIPRI: Stockholm International Peace Research Institute,Infrastructure & Platforms,Australia; European Union; France; Germany; Japan; Netherlands; Norway; South Korea; Sweden; Switzerland; United Kingdom,"The SIPRI National Budget Archive provides government spending data from multiple countries, facilitating transparent comparisons of military and civilian budget priorities. This resource supports analysis related to disarmament and peacebuilding by offering comprehensive and accessible budget information.",https://www.sipri.org/databases
SIPRI Arms Industry Database,SIPRI: Stockholm International Peace Research Institute,Data Sets & Commons,Australia; European Union; France; Germany; Japan; Netherlands; Norway; South Korea; Sweden; Switzerland; United Kingdom,"An open library of global arms production data, featuring company listings, production volumes, and export trends for use in disarmament analysis and policy design.",https://www.sipri.org/databases/armsindustry
SIPRI Arms Transfers Database,SIPRI: Stockholm International Peace Research Institute,Data Sets & Commons,Australia; European Union; France; Germany; Japan; Netherlands; Norway; South Korea; Sweden; Switzerland; United Kingdom,Provides publicly available datasets on the legal transfers of major conventional weapons between countries. The database is widely used in security and disarmament monitoring.,https://www.sipri.org/databases/armstransfers
SIPRI Mapping ATT-Relevant Cooperation and Assistance Activities Database,SIPRI: Stockholm International Peace Research Institute,Data Sets & Commons,Australia; European Union; France; Germany; Japan; Netherlands; Norway; South Korea; Sweden; Switzerland; United Kingdom,Tracks international arms transfer assistance and cooperation initiatives. It supports transparency and reporting under the Arms Trade Treaty through searchable data.,https://www.att-assistance.org/?page_id=45#headerSlides
SIPRI Military Expenditure Database,SIPRI: Stockholm International Peace Research Institute,Data Sets & Commons,Australia; European Union; France; Germany; Japan; Netherlands; Norway; South Korea; Sweden; Switzerland; United Kingdom,"Offers historical data on military spending by country, allowing trend analysis and budget comparisons for global peace research.",https://www.sipri.org/databases/milex
SIPRI Multilateral Peace Operations Database,SIPRI: Stockholm International Peace Research Institute,Data Sets & Commons,Australia; European Union; France; Germany; Japan; Netherlands; Norway; South Korea; Sweden; Switzerland; United Kingdom,"This database tracks country participation in UN and regional peace operations, including details on troop numbers, funding, and deployment dates.",https://www.sipri.org/databases/pko
Stockholm Forum on Peace and Development,SIPRI: Stockholm International Peace Research Institute,Learning & Exchange,Australia; European Union; France; Germany; Japan; Netherlands; Norway; South Korea; Sweden; Switzerland; United Kingdom,"Held annually, the Stockholm Forum on Peace and Development is a dialogue-driven event that offers a neutral platform for interdisciplinary exchange among members of international communities working in development, humanitarian, peacebuilding, and security sectors. The event is recognized for its discussion-led roundtable sessions, which are developed in collaboration with partner organizations and encourage active participation from stakeholders at all levels.",https://www.sipri.org/events/stockholm-forum-peace-and-development
Pacific Data Hub Tools,The Pacific Community,Crisis Analytics & Insights; Data Sets & Commons,Australia; European Union; France; Germany; International Financial Institutions (IFIs); New Zealand; Sweden; USA; United Nations,"This regional platform delivers open-access dashboards, geospatial tools, and statistics to support Pacific states with governance, climate resilience, and disaster response planning.",https://pacificdata.org/tools
Desertification Country Profiles,UNCCD: United Nations Convention to Combat Desertification,Crisis Analytics & Insights,Argentina; Australia; Austria; Belgium; Brazil; Canada; China; Denmark; European Union; Finland; France; Germany; India; Ireland; Italy; Japan; Luxembourg; Mexico; Netherlands; Norway; Poland; Russia; Saudi Arabia; South Africa; South Korea; Spain; Sweden; Switzerland; Turkiye; USA; United Kingdom,"Desertification Country Profiles provide standardized national overviews of land degradation, drought planning, and sustainable land management actions under the UNCCD. The platform offers quick access to country information, annex classifications, national and regional action plans, and voluntary Land Degradation Neutrality (LDN) targets to support coordinated, evidence-based land stewardship.",https://www.unccd.int/our-work/country-profiles
GEOGUARD,UNDPPA: United Nations Department of Political and Peacebuilding Affairs ,Crisis Analytics & Insights,CRAF’d,"Developed by the DPPA’s Innovation Cell in collaboration with academic partners, Geoguard is the first-ever geospatial dashboard designed for decision-makers seeking insight on environmental and conflict risks across the Middle East, Central, and West Africa. Utilizing cutting-edge technology, Geoguard aggregates millions of data points on environmental conditions and geo-coded conflict events into an intuitive dashboard, drawing from diverse data sources as well as locally collected or crowd-sourced information. The platform provides immediate insight into environmental risk factors throughout specified regions and offers snapshots in time that are linked to trends in conflict and social unrest.",https://crafd.io/data-financing/geoguard
Data Futures Exchange,UNDP: United Nations Development Programme,Infrastructure & Platforms,European Union; Germany; Japan; Private Firms; South Korea,"The Data Futures Exchange is an open-source platform designed to serve as a central hub for data innovation, with a particular emphasis on development impact. The platform is aligned with the thematic priorities of the United Nations Development Programme and utilizes a systemic approach combined with advanced analytics to identify actions that accelerate sustainable development on a global scale.",https://data.undp.org/
Risk Anticipation Data Hub,UNDP: United Nations Development Programme,Infrastructure & Platforms,CRAF’d,"The Risk Anticipation Data Hub, a project of the United Nations Development Programme (UNDP), is a transformative open-access data platform. This comprehensive data warehouse contains over 15,000 indicators, integrating processed and cleaned public datasets that cover a wide range of risk factors. Utilizing advanced technology, including a generative Artificial Intelligence (AI) interface and real-time analytics, the Data Hub provides ecosystem partners with essential data and insights. These resources support improved crisis anticipation, prevention, and response, enabling more informed decision-making and effective action.",https://crafd.io/data-financing/undp
Datum,UNDRR: United Nations Office for Disaster Risk Reduction,Crisis Analytics & Insights; Data Sets & Commons,Australia; Canada; China; Czech Republic; Denmark; European Union; Finland; France; Germany; Israel; Italy; Japan; Kazakhstan; Luxembourg; Netherlands; Norway; Philippines; Poland; Portugal; South Korea; Spain; Sweden; Switzerland; USA; United Nations,"Datum is a centralized portal that provides free, open-access databases and RESTful APIs to support disaster risk reduction (DRR) efforts worldwide. All datasets and metadata are available for download or querying under UNDRR’s terms, with the requirement of proper attribution. The portal’s content is organized into several thematic “data clusters,” each of which is versioned and paginated to facilitate easy integration.",https://data.undrr.org/api/json
UN Environment Programme World Conservation Monitoring Centre (UNEP-WCMC),UNEP: United Nations Environment Programme ,Data Sets & Commons,Norway,"UNEP-WCMC is a global science-policy interface that provides open-access datasets and tools on biodiversity, ecosystem services, and conservation strategies. Its data platforms support environmental reporting, climate resilience, and natural capital planning.",https://www.unep-wcmc.org/
Cultural Heritage in Crisis Zones Data,"UNESCO: United Nations Educational, Scientific and Cultural Organization",Data Sets & Commons,Australia; Belgium; Brazil; Canada; China; European Union; France; Germany; India; International Financial Institutions (IFIs); Ireland; Italy; Japan; Mexico; Netherlands; Norway; Poland; Russia; Saudi Arabia; South Korea; Spain; Sweden; Switzerland; Turkiye; USA; United Kingdom; United Nations,"The List of World Heritage in Danger is intended to inform the international community about conditions that threaten the defining characteristics for which a property was inscribed on the World Heritage List, and to encourage the implementation of corrective actions.",https://whc.unesco.org/en/danger/
Education in Emergencies Data,"UNESCO: United Nations Educational, Scientific and Cultural Organization",Data Sets & Commons,Australia; Belgium; Brazil; Canada; China; European Union; France; Germany; India; International Financial Institutions (IFIs); Ireland; Italy; Japan; Mexico; Netherlands; Norway; Poland; Russia; Saudi Arabia; South Korea; Spain; Sweden; Switzerland; Turkiye; USA; United Kingdom; United Nations,"UNESCO’s platform delivers open access data on emergency-affected education systems, including enrollment figures, disruptions, and inclusion metrics. This resource supports global response planning in crises and displacement settings by providing comprehensive and reliable information on the state of education in emergencies.",https://www.unesco.org/en/emergencies/education/need-know?hub=84615
Observatory of Killed Journalists,"UNESCO: United Nations Educational, Scientific and Cultural Organization",Data Sets & Commons,Australia; Belgium; Brazil; Canada; China; European Union; France; Germany; India; International Financial Institutions (IFIs); Ireland; Italy; Japan; Mexico; Netherlands; Norway; Poland; Russia; Saudi Arabia; South Korea; Spain; Sweden; Switzerland; Turkiye; USA; United Kingdom; United Nations,This Observatory provides updated information on the killing of journalists since 1993 and on the judicial status of condemned cases since 2006. It also provides public access to country responses to UNESCO's requests for information into the judicial status of ongoing and unresolved cases. You may browse the full list of killed journalists and search for visual statistics and data.,https://www.unesco.org/en/safety-journalists/observatory
Population Data Portal,UNFPA: United Nations Population Fund,Data Sets & Commons,Australia; Belgium; Cameroon; Canada; China; Denmark; European Union; Finland; Foundations; France; Germany; Iceland; India; Ireland; Italy; Japan; Luxembourg; Netherlands; New Zealand; Norway; Pakistan; Peru; Portugal; Qatar; South Korea; Spain; Sweden; Switzerland; USA; United Kingdom,"The Population Data Portal serves as UNFPA’s comprehensive data source and tracker for population and development statistics. It brings together the latest data on topics such as sexual and reproductive health and rights, family planning, maternal health, and gender-based violence, collected from a variety of sources. The portal provides users with reliable, up-to-date information to support research, policy-making, and program development in the field of population and development.",https://pdp.unfpa.org/
Subnational Population Statistics,UNFPA: United Nations Population Fund,Data Sets & Commons,Australia; Belgium; Cameroon; Canada; China; Denmark; European Union; Finland; Foundations; France; Germany; Iceland; India; Ireland; Italy; Japan; Luxembourg; Netherlands; New Zealand; Norway; Pakistan; Peru; Portugal; Qatar; South Korea; Spain; Sweden; Switzerland; USA; United Kingdom,"UNFPA, the United Nations Population Fund, works globally to ensure universal access to sexual and reproductive health, prevent and respond to gender-based violence, collect and use population data, and promote gender equality and the empowerment of women and youth across the humanitarian and development continuum.",https://data.humdata.org/organization/unfpa?page=3#datasets-section
World Population Dashboard,UNFPA: United Nations Population Fund,Data Sets & Commons,Australia; Belgium; Cameroon; Canada; China; Denmark; European Union; Finland; Foundations; France; Germany; Iceland; India; Ireland; Italy; Japan; Luxembourg; Netherlands; New Zealand; Norway; Pakistan; Peru; Portugal; Qatar; South Korea; Spain; Sweden; Switzerland; USA; United Kingdom,"The World Population Dashboard presents comprehensive global population data, including statistics on fertility rates, gender parity in school enrolment, and information related to sexual and reproductive health, among other key indicators. These data collectively provide insight into the health and rights of populations worldwide, with a particular focus on women and young people. The figures are sourced from UNFPA and other United Nations agencies, and are updated on an annual basis.",https://www.unfpa.org/data/world-population-dashboard
Annual Survey of Refugees (ASR),UNHCR: United Nations High Commissioner for Refugees,Data Sets & Commons,Australia; Austria; Belgium; Canada; China; Denmark; European Union; Finland; Foundations; France; Germany; Hungary; Ireland; Italy; Japan; Kuwait; Luxembourg; Netherlands; New Zealand; Norway; Qatar; Saudi Arabia; South Korea; Spain; Sweden; Switzerland; USA; United Arab Emirates; United Kingdom; United Nations,"ASR monitors the demographic and socioeconomic profiles of refugee populations worldwide. Its standardized surveys and data visualizations support evidence-based protection, education, and livelihood programming.",https://acf.gov/orr/programs/refugees/annual-survey-refugees
CLIFDEW-GRID,UNHCR: United Nations High Commissioner for Refugees; University of California Irvine,Crisis Analytics & Insights,CRAF’d,"CLIFDEW-GRID, developed by UNHCR in collaboration with the University of California Irvine, is an ambitious initiative dedicated to addressing the complex challenge of climate-induced forced displacement, including through the creation of the first risk index of its kind. This project leverages advanced data analytics and innovative methodologies to enable CRAF’d ecosystem partners to anticipate and respond effectively to the escalating crisis of climate-induced displacement. By providing forecasts at a subnational level, CLIFDEW-GRID offers a more nuanced understanding of in-country heterogeneity compared to traditional country-level approaches. The system will be piloted in selected countries in Western and Eastern Africa.

CLIFDEW-GRID functions as an early warning, grid-based modeling system designed to predict potential climate-induced forced displacement. It is a joint, innovative data project led by UNHCR and the University of California Irvine, with financial support from the Complex Risk Analytics Fund (CRAF’d).",https://crafd.io/data-financing/clifdewgrid
Joint Needs Assessments (JNA),UNHCR: United Nations High Commissioner for Refugees,Data Sets & Commons,Australia; Austria; Belgium; Canada; China; Denmark; European Union; Finland; Foundations; France; Germany; Hungary; Ireland; Italy; Japan; Kuwait; Luxembourg; Netherlands; New Zealand; Norway; Qatar; Saudi Arabia; South Korea; Spain; Sweden; Switzerland; USA; United Arab Emirates; United Kingdom; United Nations,"This report presents UNHCR’s engagement in multi-sectoral joint needs assessments in 2020, in accordance with Grand Bargain commitments aimed at improving the harmonization and coordination of assessment exercises, as well as increasing transparency for the asset Joint Needs Assessments (JNA).",https://data.unhcr.org/en/documents/details/86670
Operational Data Portal (ODP),UNHCR: United Nations High Commissioner for Refugees,Infrastructure & Platforms,Australia; Austria; Belgium; Canada; China; Denmark; European Union; Finland; Foundations; France; Germany; Hungary; Ireland; Italy; Japan; Kuwait; Luxembourg; Netherlands; New Zealand; Norway; Qatar; Saudi Arabia; South Korea; Spain; Sweden; Switzerland; USA; United Arab Emirates; United Kingdom; United Nations,"The Operational Data Portal (ODP) enables UNHCR to fulfill its institutional responsibility by providing an information and data sharing platform that facilitates coordination during refugee emergencies. This is accomplished through the use of independent ‘situation views’ that cover major emergencies, such as the Syria situation and the Central African Republic emergency, among others, ensuring comprehensive and accessible data management for effective humanitarian response.",https://data.unhcr.org/
Population Registration and Identity Management EcoSystem (PRIMES),UNHCR: United Nations High Commissioner for Refugees,Data Sets & Commons,Australia; Austria; Belgium; Canada; China; Denmark; European Union; Finland; Foundations; France; Germany; Hungary; Ireland; Italy; Japan; Kuwait; Luxembourg; Netherlands; New Zealand; Norway; Qatar; Saudi Arabia; South Korea; Spain; Sweden; Switzerland; USA; United Arab Emirates; United Kingdom; United Nations,"At the center of UNHCR’s work with registration and identity management is PRIMES, the digital Population Registration and Identity Management Ecosystem developed by UNHCR. PRIMES integrates all of UNHCR’s digital registration, identity management, and case management tools into a single, internally connected and interoperable ecosystem.

PRIMES consists of several repositories for personal data, including both biographic and biometric information, as well as supporting data. It incorporates multiple tools that securely utilize this information to deliver targeted protection, assistance, and solutions to refugees and other displaced populations. PRIMES enables a range of functions, including:

- Identity management, encompassing registration, biometric enrolment, and documentation
- Case management, covering key protection aspects such as Refugee Status Determination, Resettlement, Statelessness, Repatriation, Legal and Physical Protection, Child Protection, Sexual and Gender-Based Violence (SGBV), and others
- Assistance, including both cash and in-kind support
- Data management, which includes reporting and analysis to support evidence-informed action for quality protection outcomes

PRIMES is designed with cooperation and interoperability as core principles, allowing governments and partners supporting refugees to utilize the data and technology developed by UNHCR. This enhances their capacity to deliver services, often in collaboration with UNHCR, in a safe and secure manner. PRIMES is fully aligned with the Policy on the Protection of Personal Data of Persons of Concern to UNHCR.",https://www.unhcr.org/us/what-we-do/protect-human-rights/protection/registration-and-identity-management
Population Statistics,UNHCR: United Nations High Commissioner for Refugees,Data Sets & Commons,Australia; Austria; Belgium; Canada; China; Denmark; European Union; Finland; Foundations; France; Germany; Hungary; Ireland; Italy; Japan; Kuwait; Luxembourg; Netherlands; New Zealand; Norway; Qatar; Saudi Arabia; South Korea; Spain; Sweden; Switzerland; USA; United Arab Emirates; United Kingdom; United Nations,"The UNHCR Statistical Online Population Database provides a comprehensive summary of changes in global trends and levels concerning populations of interest to UNHCR. This includes refugees, asylum-seekers, returned refugees, internally displaced persons (IDPs) protected or assisted by UNHCR, returned IDPs, stateless persons, and other groups of concern. The information is reported by UNHCR country offices and generally reflects data provided by the host country.",https://www.unhcr.org/publications/unhcr-statistical-online-population-database-general-notes
proGres,UNHCR: United Nations High Commissioner for Refugees,Infrastructure & Platforms,Australia; Austria; Belgium; Canada; China; Denmark; European Union; Finland; Foundations; France; Germany; Hungary; Ireland; Italy; Japan; Kuwait; Luxembourg; Netherlands; New Zealand; Norway; Qatar; Saudi Arabia; South Korea; Spain; Sweden; Switzerland; USA; United Arab Emirates; United Kingdom; United Nations,"UNHCR’s case management and registration system manages refugee and asylum-seeker data. The platform supports operational planning, registration, and data interoperability across protection and assistance programs.",https://www.unhcr.org/registration-guidance/chapter3/registration-tools/
Refugee Appeals,UNHCR: United Nations High Commissioner for Refugees,Data Sets & Commons,Australia; Austria; Belgium; Canada; China; Denmark; European Union; Finland; Foundations; France; Germany; Hungary; Ireland; Italy; Japan; Kuwait; Luxembourg; Netherlands; New Zealand; Norway; Qatar; Saudi Arabia; South Korea; Spain; Sweden; Switzerland; USA; United Arab Emirates; United Kingdom; United Nations,"UNHCR Refugee Appeals are annual funding and operational planning documents outlining humanitarian needs, response priorities, budget requirements, and strategic objectives for refugee and displacement crises globally. The appeals provide detailed country- and region-level operational plans, beneficiary estimates, financial requirements, and implementation strategies. They are used by governments, donors, NGOs, and researchers to understand humanitarian financing needs and response priorities.",https://www.unhcr.org/publications/global-appeal-2026
Refugee Assistance Information System (RAIS),UNHCR: United Nations High Commissioner for Refugees,Data Sets & Commons,Australia; Austria; Belgium; Canada; China; Denmark; European Union; Finland; Foundations; France; Germany; Hungary; Ireland; Italy; Japan; Kuwait; Luxembourg; Netherlands; New Zealand; Norway; Qatar; Saudi Arabia; South Korea; Spain; Sweden; Switzerland; USA; United Arab Emirates; United Kingdom; United Nations,RAIS is a digital system designed for monitoring and coordinating assistance in refugee operations. It supports operations by registering aid delivery and tracking service provision across various displacement contexts.,https://unhcr-mena.github.io/RAIS/
Refugee Data Finder,UNHCR: United Nations High Commissioner for Refugees,Data Sets & Commons,Australia; Austria; Belgium; Canada; China; Denmark; European Union; Finland; Foundations; France; Germany; Hungary; Ireland; Italy; Japan; Kuwait; Luxembourg; Netherlands; New Zealand; Norway; Qatar; Saudi Arabia; South Korea; Spain; Sweden; Switzerland; USA; United Arab Emirates; United Kingdom; United Nations,"The database contains information about forcibly displaced populations, compiled from over 70 years of statistical activities. It includes data on various displaced groups such as refugees, asylum-seekers, and internally displaced people, along with their demographic characteristics. The database also covers stateless individuals, most of whom have never experienced displacement. Additionally, it provides information on different solutions for displaced populations, including repatriation and resettlement.",https://www.unhcr.org/refugee-statistics
Socio-Economic Insights Survey (SEIS),UNHCR: United Nations High Commissioner for Refugees,Data Sets & Commons,Australia; Austria; Belgium; Canada; China; Denmark; European Union; Finland; Foundations; France; Germany; Hungary; Ireland; Italy; Japan; Kuwait; Luxembourg; Netherlands; New Zealand; Norway; Qatar; Saudi Arabia; South Korea; Spain; Sweden; Switzerland; USA; United Arab Emirates; United Kingdom; United Nations,"The 2024 Socio-Economic Insights Survey (SEIS) in Estonia provides a comprehensive assessment of the needs and vulnerabilities of refugees from Ukraine. Conducted as part of an annual interagency regional process led by UNHCR, this assessment supports the Regional Refugee Response Plan (RRP) for the Ukraine Situation. Covering topics such as protection, health, education, shelter, livelihoods, and food security, the survey offers critical data to inform evidence-based planning and prioritization, ensuring the specific needs of different refugee groups are addressed. Data collection was conducted through face-to-face interviews from May to July 2024 with a probability-based random sample of refugee households, managed collaboratively by UNHCR and the International Organization for Migration. Findings will guide strategic interventions and resource allocation to enhance the welfare and resilience of the refugee population in Estonia.",https://microdata.unhcr.org/index.php/catalog/1222
UNHCR Global Data Service (GDS),UNHCR: United Nations High Commissioner for Refugees,Infrastructure & Platforms,Australia; Austria; Belgium; Canada; China; Denmark; European Union; Finland; Foundations; France; Germany; Hungary; Ireland; Italy; Japan; Kuwait; Luxembourg; Netherlands; New Zealand; Norway; Qatar; Saudi Arabia; South Korea; Spain; Sweden; Switzerland; USA; United Arab Emirates; United Kingdom; United Nations,"The UNHCR Global Data Service (GDS) serves as a central hub for data and statistics on refugees, asylum-seekers, internally displaced persons (IDPs), and stateless individuals. It supports evidence-based decision-making, policy development, and humanitarian operations by providing access to a wide range of data tools and resources.",https://www.migrationdataportal.org/institute/unhcr-global-data-service
UNHCR Microdata Library,UNHCR: United Nations High Commissioner for Refugees,Data Sets & Commons,Australia; Austria; Belgium; Canada; China; Denmark; European Union; Finland; Foundations; France; Germany; Hungary; Ireland; Italy; Japan; Kuwait; Luxembourg; Netherlands; New Zealand; Norway; Qatar; Saudi Arabia; South Korea; Spain; Sweden; Switzerland; USA; United Arab Emirates; United Kingdom; United Nations,"An archive of anonymized survey and refugee data available under open-access licenses, supporting demographic and displacement research across global contexts.",https://microdata.unhcr.org/index.php/home
UNHCR Office Presence,UNHCR: United Nations High Commissioner for Refugees,Data Sets & Commons,Australia; Austria; Belgium; Canada; China; Denmark; European Union; Finland; Foundations; France; Germany; Hungary; Ireland; Italy; Japan; Kuwait; Luxembourg; Netherlands; New Zealand; Norway; Qatar; Saudi Arabia; South Korea; Spain; Sweden; Switzerland; USA; United Arab Emirates; United Kingdom; United Nations,"The UNHCR Office Presence dataset provides information on the organization’s global operational footprint, including headquarters, regional offices, country offices, field offices, and emergency response hubs. The information supports coordination among humanitarian actors, operational transparency, and analysis of regional response capacities. It also helps external partners identify local UNHCR points of contact and operational jurisdictions.",https://data.unhcr.org/en/geoservices/
"WASH Knowledge, Attitudes and Practices (KAP) Survey",UNHCR: United Nations High Commissioner for Refugees,Data Sets & Commons,Australia; Austria; Belgium; Canada; China; Denmark; European Union; Finland; Foundations; France; Germany; Hungary; Ireland; Italy; Japan; Kuwait; Luxembourg; Netherlands; New Zealand; Norway; Qatar; Saudi Arabia; South Korea; Spain; Sweden; Switzerland; USA; United Arab Emirates; United Kingdom; United Nations,"Routine monitoring of the WASH services provided is paramount for quality assurance, ensuring the set standards are met within stipulated timelines, challenges are identified in time, and solutions are sought. UNHCR (Cox’s Bazar Field Office) conducted the third round of its WASH Knowledge, Attitude and Practice (KAP) survey from 15th to 23rd November 2023 in UNHCR’s area of operation in Kutupalong and Teknaf. Five WASH partners implemented the survey.",https://microdata.unhcr.org/index.php/catalog/1107
World Bank-UNHCR Joint Data Center on Forced Displacement,UNHCR: United Nations High Commissioner for Refugees; World Bank Group ,Data Sets & Commons; Human Capital & Know-how,Australia; Austria; Belgium; Canada; China; Denmark; European Union; Finland; Foundations; France; Germany; Hungary; Ireland; Italy; Japan; Kuwait; Luxembourg; Netherlands; New Zealand; Norway; Qatar; Saudi Arabia; South Korea; Spain; Sweden; Switzerland; USA; United Arab Emirates; United Kingdom; United Nations,"The World Bank-UNHCR Joint Data Center on Forced Displacement (JDC) is a joint initiative dedicated to improving the collection, analysis, and use of data on forcibly displaced populations. The JDC provides public goods such as surveys, microdata, and research, all focused on informing development and humanitarian action through evidence-based approaches.",https://www.jointdatacenter.org/
Admin Boundaries,UNICEF: United Nations Children's Fund,Data Sets & Commons,Canada; Denmark; European Union; Foundations; France; Germany; International Financial Institutions (IFIs); Japan; Netherlands; Norway; South Korea; Spain; Sweden; USA; United Kingdom; United Nations,"UNICEF Administrative Boundary datasets provide geospatial reference layers for child-focused humanitarian and development programs. These datasets support demographic analysis, service delivery mapping, education and health planning, vaccination campaigns, and emergency response coordination. UNICEF uses standardized boundary datasets to combine child welfare indicators with geographic and population-level information for evidence-based policymaking and monitoring.",
Global Child Hazard Database,UNICEF: United Nations Children's Fund,Data Sets & Commons,Canada; Denmark; European Union; Foundations; France; Germany; International Financial Institutions (IFIs); Japan; Netherlands; Norway; South Korea; Spain; Sweden; USA; United Kingdom; United Nations,"The Global Child Hazard Database is a UNICEF-led initiative to provide comprehensive, high-resolution, and globally standardized datasets on children’s exposure to multiple hazards. The database aims to improve accessibility and provide actionable insights for country and regional offices, host governments, and other key stakeholders, thereby supporting informed decision-making and policy advocacy.",https://data.unicef.org/topic/climate-environment/overview/
InForm,UNICEF: United Nations Children's Fund,Infrastructure & Platforms,Canada; Denmark; European Union; Foundations; France; Germany; International Financial Institutions (IFIs); Japan; Netherlands; Norway; South Korea; Spain; Sweden; USA; United Kingdom; United Nations,"InForm is UNICEF's Self-Service Data Collection Platform. It provides UNICEF and partners with a turnkey solution for field-based data collection for rapidly conducting surveys, including collection, storage, and management. InForm supports UNICEF's strategic outcomes and strengthens our position as the global leader in data for children.",https://inform.unicef.org/
Multiple Indicator Cluster Surveys (MICS),UNICEF: United Nations Children's Fund,Data Sets & Commons,Canada; Denmark; European Union; Foundations; France; Germany; International Financial Institutions (IFIs); Japan; Netherlands; Norway; South Korea; Spain; Sweden; USA; United Kingdom; United Nations,"Since the mid-1990s, more than 120 countries have conducted one or more Multiple Indicator Cluster Surveys (MICS), generating data on key indicators related to the well-being of children and supporting the development of policies aimed at improving their lives.",https://mics.unicef.org/
The State of the World’s Children Report,UNICEF: United Nations Children's Fund,Crisis Analytics & Insights,Canada; Denmark; European Union; Foundations; France; Germany; International Financial Institutions (IFIs); Japan; Netherlands; Norway; South Korea; Spain; Sweden; USA; United Kingdom; United Nations,"Published annually by UNICEF, The State of the World’s Children report is a flagship global publication that presents comprehensive data and analysis on issues affecting children’s well-being. Each edition focuses on a specific theme—such as nutrition, mental health, or education—and includes rigorous data from household surveys, administrative sources, and UNICEF’s global monitoring systems. The report serves as a key advocacy and programming resource for policymakers and humanitarian actors, offering evidence-based recommendations grounded in global and regional trends.",https://www.unicef.org/reports/state-of-worlds-children
Transformative Monitoring for Enhanced Equity (TransMonEE),UNICEF: United Nations Children's Fund,Data Sets & Commons,Canada; Denmark; European Union; Foundations; France; Germany; International Financial Institutions (IFIs); Japan; Netherlands; Norway; South Korea; Spain; Sweden; USA; United Kingdom; United Nations,"TransMonEE is a regional statistical database developed by UNICEF to monitor the well-being of children, adolescents, and women across Europe and Central Asia. The platform contains indicators related to health, education, demographics, child protection, poverty, and social inclusion. It enables longitudinal and cross-country analysis of social development trends and supports evidence-based policymaking, academic research, and regional monitoring of child welfare outcomes.",https://www.transmonee.org/
UNICEF Data Warehouse,UNICEF: United Nations Children's Fund,Data Sets & Commons,Canada; Denmark; European Union; Foundations; France; Germany; International Financial Institutions (IFIs); Japan; Netherlands; Norway; South Korea; Spain; Sweden; USA; United Kingdom; United Nations,"UNICEF is recognized as the world’s leading source of data on children and maintains databases containing hundreds of internationally valid and comparable indicators. With this extensive wealth of information, the UNICEF Data Warehouse is designed to provide easy access to these indicators across a wide range of countries, with some datasets extending back several decades.",https://data.unicef.org/resources/data_explorer/unicef_f/
"WHO/UNICEF Joint Monitoring Programme for Water Supply, Sanitation and Hygiene (JMP)",UNICEF: United Nations Children's Fund; WHO: World Health Organization ,Data Sets & Commons,Australia; Canada; Denmark; European Union; Foundations; France; Germany; India; International Financial Institutions (IFIs); Italy; Japan; Luxembourg; Netherlands; Nigeria; Norway; Pakistan; Saudi Arabia; South Korea; Spain; Sweden; Switzerland; USA; United Arab Emirates; United Kingdom; United Nations,"Tracks access to water, sanitation, and hygiene (WASH) using global indicators and household survey data accessible under open access licenses.",https://washdata.org/
SWOT: The Safe Water Optimization Tool,University of California Irvine,Infrastructure & Platforms,CRAF’d; USA,"The Safe Water Optimization Tool (SWOT) provides actionable, site-specific chlorination guidance by analysing routine water quality measurements and modelling chlorine decay from tapstands to households. Designed for use in emergencies, the tool supports responders in maintaining safe drinking water throughout distribution systems.",https://www.safeh2o.app/
Integrated Public Use Microdata Series (IPUMS),University of Minnesota,Infrastructure & Platforms,Foundations; USA,"IPUMS provides harmonized, high-quality census and survey data from over 100 countries. Available through an open-access platform, its datasets enable global research on health, population trends, labor, and development outcomes.",https://www.ipums.org/
Multidimensional Poverty Index (MPI),University of Oxford,Data Sets & Commons,Canada; European Union; Foundations; Germany; International Financial Institutions (IFIs); Research / Think Tank; Sweden; United Nations,"The global Multidimensional Poverty Index (global MPI) is an annual international measure of acute multidimensional poverty that covers over 100 developing countries. It complements traditional monetary poverty measures by capturing the acute, overlapping deprivations in health, education, and living standards that people in poverty experience. The global MPI is computed by the Oxford Poverty and Human Development Initiative (OPHI) in partnership with the Human Development Report Office of the United Nations Development Programme.",https://ophi.org.uk/global-mpi
United Nations Report on Military Expenditures (UNMilEx),UNODA: United Nations Office for Disarmament Affairs,Data Sets & Commons,Australia; Austria; Brazil; Canada; Chile; China; Costa Rica; Czech Republic; Denmark; France; Germany; Greece; India; Ireland; Italy; Japan; Netherlands; New Zealand; Norway; Peru; Poland; Portugal; Russia; South Korea; Spain; Sweden; Switzerland; Thailand; USA; United Kingdom,"UNODA publishes annual data on military spending from Member States, informing arms control and global transparency through structured datasets.",https://disarmament.unoda.org/convarms/milex/
UN Register of Conventional Arms (ROCA),UNODA: United Nations Office for Disarmament Affairs,Data Sets & Commons,Australia; Austria; Brazil; Canada; Chile; China; Costa Rica; Czech Republic; Denmark; France; Germany; Greece; India; Ireland; Italy; Japan; Netherlands; New Zealand; Norway; Peru; Poland; Portugal; Russia; South Korea; Spain; Sweden; Switzerland; Thailand; USA; United Kingdom,"The UN General Assembly established the UN Register of Conventional Arms (UNROCA) in 1991 through resolution 46/36 L to promote transparency in armaments. Through the UNROCA instrument, Member States are requested, on an annual basis, to report their international transfers of seven categories of major conventional arms, as well as small arms and light weapons. They may also provide additional background information, such as data on military holdings and procurement through national production. To date, 175 Member States have reported to the UNROCA instrument at least once. In light of relatively consistent reporting by the world’s largest arms exporters, it is estimated that the Register captures around 90 percent of the volume of the global arms trade.",https://disarmament.unoda.org/convarms/register/
Emergency Mapping,UNOSAT: The United Nations Satellite Centre,Crisis Analytics & Insights; Data Sets & Commons,Australia; Canada; China; Denmark; European Union; Finland; Germany; International Financial Institutions (IFIs); Italy; Japan; Luxembourg; Norway; Pakistan; Portugal; Saudi Arabia; Sweden; Switzerland; Thailand; Turkiye; USA; United Kingdom; United Nations,"UNOSAT provides geospatial analysis and satellite imagery to support disaster response, humanitarian aid, and sustainable development. It offers on-demand and open-access mapping services through interactive portals, data hubs, and geospatial APIs.",https://unosat.org/
Transformative Outcomes: Leveraging Crisis Data in conflict,UN Women,Crisis Analytics & Insights; Data Sets & Commons; Infrastructure & Platforms,CRAF’d,"The Transformative Outcomes project deploys an interactive web platform and standardized analysis toolkit to deliver high-quality crisis data for vulnerable populations in conflict-affected settings. This promotes evidence-based planning, targeted interventions, and capacity building among local actors, humanitarian agencies, and policymakers. CRAF’d funding supports data collection in six pilot countries, platform development, and training, catalyzing scalable, accessible data as a global public good.",https://mptf.undp.org/project/00141136
Women Count,UN Women,Infrastructure & Platforms,Austria; Foundations; Ireland; Mexico; Sweden; USA; United Kingdom,"UN Women’s strategy for change, Women Count, seeks to bring about a radical shift in how gender statistics are used, created, and promoted. The initiative aims to transform the landscape of gender data by improving the production, accessibility, and utilization of gender statistics. Women Count works to ensure that reliable and comprehensive gender data informs policies, programs, and decision-making processes, ultimately advancing gender equality and empowering women and girls globally.",https://data.unwomen.org/women-count
Earthquakes Maps,USGS: US Geological Survey ,Crisis Analytics & Insights,USA,"USGS systems offer real-time search and visualization of earthquake data, global hazards, and geophysical datasets. These systems support crisis response and scientific analysis through open APIs. The Earthquakes Maps asset provides users with interactive tools to explore recent seismic activity, access detailed event information, and analyze geophysical trends, facilitating informed decision-making and research.","https://earthquake.usgs.gov/earthquakes/map/?extent=17.47643,-136.8457&extent=54.67383,-53.17383"
Admin Boundaries,WFP: United Nations World Food Programme,Data Sets & Commons,Australia; Austria; Canada; Chad; Colombia; Denmark; European Union; Finland; Foundations; France; Germany; Haiti; Honduras; International Financial Institutions (IFIs); Ireland; Italy; Japan; Netherlands; Norway; Pakistan; Russia; Saudi Arabia; Somalia; South Korea; Sweden; Switzerland; USA; United Arab Emirates; United Kingdom; United Nations,"WFP Administrative Boundary datasets provide standardized geographic boundaries for countries, regions, districts, and local administrative units used in humanitarian mapping and operational coordination. These geospatial datasets are critical for logistics planning, crisis mapping, population targeting, and integrating socioeconomic or environmental indicators into spatial analyses. The data is often distributed through WFP’s GeoNode platform and interoperable with GIS tools and humanitarian mapping systems.",
Anticipatory Action for Climate Shocks,WFP: United Nations World Food Programme,Crisis Analytics & Insights,Australia; Austria; Canada; Chad; Colombia; Denmark; European Union; Finland; Foundations; France; Germany; Haiti; Honduras; International Financial Institutions (IFIs); Ireland; Italy; Japan; Netherlands; Norway; Pakistan; Russia; Saudi Arabia; Somalia; South Korea; Sweden; Switzerland; USA; United Arab Emirates; United Kingdom; United Nations,"One of WFP's flagship programmes to manage climate-related risks is its Anticipatory Action (AA) for climate shocks programme, previously known as Forecast Based Financing (FbF). The AA programme enables the implementation and financing of actions before an extreme weather event has occurred. These anticipatory actions aim to prevent and mitigate – to the extent possible – the effects of extreme weather on the food security and nutrition of highly vulnerable people.

Launched in 2015, WFP’s AA portfolio now includes 44 countries in Asia and the Pacific, Africa, and Latin America and the Caribbean. WFP, together with national and local government partners, is supporting the development of early-warning systems and anticipatory actions for critical natural hazards such as droughts, floods and cyclones. ",https://www.wfp.org/anticipatory-actions
Assessments & Monitoring Codebook,WFP: United Nations World Food Programme,Human Capital & Know-how,Australia; Austria; Canada; Chad; Colombia; Denmark; European Union; Finland; Foundations; France; Germany; Haiti; Honduras; International Financial Institutions (IFIs); Ireland; Italy; Japan; Netherlands; Norway; Pakistan; Russia; Saudi Arabia; Somalia; South Korea; Sweden; Switzerland; USA; United Arab Emirates; United Kingdom; United Nations,"The Codebook serves as a go-to document for WFP Staff, providing useful information and resources in support of evidence generation and monitoring activities across WFP. It is intended to contribute to enhanced monitoring processes at Country Offices and Field Offices, and ultimately improved use of evidence.",https://monitoringhandbook.manuals.wfp.org/
Asset Impact Monitoring from Space,WFP: United Nations World Food Programme,Crisis Analytics & Insights,Australia; Austria; Canada; Chad; Colombia; Denmark; European Union; Finland; Foundations; France; Germany; Haiti; Honduras; International Financial Institutions (IFIs); Ireland; Italy; Japan; Netherlands; Norway; Pakistan; Russia; Saudi Arabia; Somalia; South Korea; Sweden; Switzerland; USA; United Arab Emirates; United Kingdom; United Nations,The Asset Impact Monitoring System (AIMS) uses satellite imagery and landscape monitoring software to monitor the long-term landscape changes of Food Assistance for Assets and engineering projects.,https://aims-unwfp.hub.arcgis.com/
Climate Data,WFP: United Nations World Food Programme,Crisis Analytics & Insights,Australia; Austria; Canada; Chad; Colombia; Denmark; European Union; Finland; Foundations; France; Germany; Haiti; Honduras; International Financial Institutions (IFIs); Ireland; Italy; Japan; Netherlands; Norway; Pakistan; Russia; Saudi Arabia; Somalia; South Korea; Sweden; Switzerland; USA; United Arab Emirates; United Kingdom; United Nations,"The World Food Programme’s (WFP) Climate Services programme partners with national meteorological agencies, ministries of agriculture and other partners to support risk-informed decision-making for vulnerable communities. ",https://www.wfp.org/climate-services
Economic Explorer,WFP: United Nations World Food Programme,Data Sets & Commons,Australia; Austria; Canada; Chad; Colombia; Denmark; European Union; Finland; Foundations; France; Germany; Haiti; Honduras; International Financial Institutions (IFIs); Ireland; Italy; Japan; Netherlands; Norway; Pakistan; Russia; Saudi Arabia; Somalia; South Korea; Sweden; Switzerland; USA; United Arab Emirates; United Kingdom; United Nations,"The WFP Economic Explorer is an interactive dashboard within the World Food Programme's Vulnerability Analysis and Mapping (VAM) platform. It allows users to visualize, analyze, and download global food security data, including localized commodity prices, exchange rates, food inflation, and market functionality",https://dataviz.vam.wfp.org/economic/prices?current_page=1&theme=10
Food Security Assessments,WFP: United Nations World Food Programme,Crisis Analytics & Insights,Australia; Austria; Canada; Chad; Colombia; Denmark; European Union; Finland; Foundations; France; Germany; Haiti; Honduras; International Financial Institutions (IFIs); Ireland; Italy; Japan; Netherlands; Norway; Pakistan; Russia; Saudi Arabia; Somalia; South Korea; Sweden; Switzerland; USA; United Arab Emirates; United Kingdom; United Nations,"Through food security analysis and monitoring, WFP provides actionable food security information for each country in which it works. By combining traditional assessment methods with advanced and emerging technologies, WFP is able to identify food insecure populations around the world, and to establish the underlying causes of food insecurity.",https://www.wfp.org/food-security-analysis
Hazard Data,WFP: United Nations World Food Programme,,Australia; Austria; Canada; Chad; Colombia; Denmark; European Union; Finland; Foundations; France; Germany; Haiti; Honduras; International Financial Institutions (IFIs); Ireland; Italy; Japan; Netherlands; Norway; Pakistan; Russia; Saudi Arabia; Somalia; South Korea; Sweden; Switzerland; USA; United Arab Emirates; United Kingdom; United Nations,,
HungerMapLIVE,WFP: United Nations World Food Programme,Data Sets & Commons,Australia; Austria; Canada; Chad; Colombia; Denmark; European Union; Finland; Foundations; France; Germany; Haiti; Honduras; International Financial Institutions (IFIs); Ireland; Italy; Japan; Netherlands; Norway; Pakistan; Russia; Saudi Arabia; Somalia; South Korea; Sweden; Switzerland; USA; United Arab Emirates; United Kingdom; United Nations,"HungerMapLIVE is the World Food Programme (WFP)’s global hunger monitoring system. It combines key metrics from various data sources—such as food security information, weather, population size, conflict, hazards, nutrition information, and macro-economic data—to help assess, monitor, and predict the magnitude and severity of hunger in near real-time. The resulting analysis is displayed on an interactive map that enables WFP staff, key decision makers, and the broader humanitarian community to make more informed and timely decisions relating to food security.",https://hungermap.wfp.org/
Market Assessments,WFP: United Nations World Food Programme,Crisis Analytics & Insights; Data Sets & Commons,Australia; Austria; Canada; Chad; Colombia; Denmark; European Union; Finland; Foundations; France; Germany; Haiti; Honduras; International Financial Institutions (IFIs); Ireland; Italy; Japan; Netherlands; Norway; Pakistan; Russia; Saudi Arabia; Somalia; South Korea; Sweden; Switzerland; USA; United Arab Emirates; United Kingdom; United Nations,"WFP’s market assessments combine market-related data on prices, food availability and supply chains with the analysis of macroeconomic factors and government policies. Economic growth trends, exchange rate fluctuations, imports and exports, employment and inflation are key indicators. Additionally, geospatial information helps to analyze access to markets, including distances, and how insecurity or weather-related events, such as flooding, affect access.",https://www.wfp.org/market-analysis
Platform for Real-Time Impact and Situation Monitoring (PRISM),WFP: United Nations World Food Programme,Crisis Analytics & Insights; Data Sets & Commons,Australia; Austria; Canada; Chad; Colombia; Denmark; European Union; Finland; Foundations; France; Germany; Haiti; Honduras; International Financial Institutions (IFIs); Ireland; Italy; Japan; Netherlands; Norway; Pakistan; Russia; Saudi Arabia; Somalia; South Korea; Sweden; Switzerland; USA; United Arab Emirates; United Kingdom; United Nations,"PRISM is a climate risk monitoring system that integrates geospatial data on hazards such as droughts, floods, tropical storms, and earthquakes, along with socioeconomic vulnerability information. It provides decision-makers with interactive maps and charts to support disaster risk reduction and social assistance programs for the asset Platform for Real-Time Impact and Situation Monitoring (PRISM).",https://innovation.wfp.org/project/prism
Rainfall Indicators,WFP: United Nations World Food Programme,Data Sets & Commons,Australia; Austria; Canada; Chad; Colombia; Denmark; European Union; Finland; Foundations; France; Germany; Haiti; Honduras; International Financial Institutions (IFIs); Ireland; Italy; Japan; Netherlands; Norway; Pakistan; Russia; Saudi Arabia; Somalia; South Korea; Sweden; Switzerland; USA; United Arab Emirates; United Kingdom; United Nations,This dataset contains dekadal rainfall indicators computed from Climate Hazards Group InfraRed Precipitation satellite imagery combined with in situ station data (CHIRPS) version 2. The data is aggregated by subnational administrative units for the asset Rainfall Indicators.,https://data.humdata.org/dataset/?dataseries_name=WFP+-+Rainfall+Indicators+at+Subnational+Level
WFP Innovation Forum 2025,WFP: United Nations World Food Programme,Learning & Exchange,Australia; Austria; Canada; Chad; Colombia; Denmark; European Union; Finland; Foundations; France; Germany; Haiti; Honduras; International Financial Institutions (IFIs); Ireland; Italy; Japan; Netherlands; Norway; Pakistan; Russia; Saudi Arabia; Somalia; South Korea; Sweden; Switzerland; USA; United Arab Emirates; United Kingdom; United Nations,"The WFP Innovation Forum is a global platform that showcases groundbreaking solutions to address food insecurity and humanitarian challenges. Bringing together innovators, humanitarian actors, private sector leaders, and policymakers, the forum highlights cutting-edge technologies, from AI-powered disaster response to sustainable agriculture, that are transforming the way hunger and crises are tackled around the world.",https://innovation.wfp.org/innovation-forum-2025
"Early Warning, Alert and Response System (EWARS)",WHO: World Health Organization ,Crisis Analytics & Insights,Australia; Canada; European Union; Foundations; France; Germany; India; International Financial Institutions (IFIs); Italy; Japan; Luxembourg; Netherlands; Nigeria; Norway; Pakistan; Saudi Arabia; South Korea; Sweden; Switzerland; USA; United Arab Emirates; United Kingdom; United Nations,"The Early Warning, Alert and Response System (EWARS) provides real-time monitoring of epidemic outbreaks. It supports crisis response planning and risk assessment through the use of online reporting platforms and dashboards.",https://www.who.int/emergencies/surveillance/early-warning-alert-and-response-system-ewars
Global Health Observatory (GHO),WHO: World Health Organization ,Data Sets & Commons,Australia; Canada; European Union; Foundations; France; Germany; India; International Financial Institutions (IFIs); Italy; Japan; Luxembourg; Netherlands; Nigeria; Norway; Pakistan; Saudi Arabia; South Korea; Sweden; Switzerland; USA; United Arab Emirates; United Kingdom; United Nations,"The Global Health Observatory (GHO) is the World Health Organization’s flagship global portal for health statistics and indicators. It provides datasets across themes such as mortality, disease burden, and service coverage, with API access available for researchers and policymakers.",https://www.who.int/data/gho
Health Emergency Dashboard,WHO: World Health Organization ,Data Sets & Commons,Foundations,"The World Health Organization (WHO) Health Emergency Dashboard is a platform designed to share information about public health events and emergencies. The data on the dashboard is refreshed every thirty (30) minutes, and the information is accurate as of the time of the latest update.",https://extranet.who.int/publicemergency/
Health Indicators Data,WHO: World Health Organization ,Data Sets & Commons,Foundations,"WHO offers globally standardized health data through its GHO portal, providing indicators on disease, mortality, and service coverage via APIs and downloadable data under open access licenses.",https://www.who.int/data/gho/data/indicators
Health Resources Availability Monitoring System (HeRAMS),WHO: World Health Organization ,Data Sets & Commons,Foundations,"The HeRAMS Initiative aims to ensure that core information on essential health resources and services is readily available to decision makers at country, regional, and global levels.",https://www.who.int/initiatives/herams
Malaria Atlas Project (MAP),WHO: World Health Organization ; WorldPop,Data Sets & Commons,Foundations,"MAP provides high-resolution maps of malaria risk and stability, combining epidemiological and environmental data to support global health planning, investment, and disease modeling.",https://malariaatlas.org/
Surveillance System for Attacks on Health Care (SSA),WHO: World Health Organization ,Data Sets & Commons,Australia; Canada; European Union; Foundations; France; Germany; India; International Financial Institutions (IFIs); Italy; Japan; Luxembourg; Netherlands; Nigeria; Norway; Pakistan; Saudi Arabia; South Korea; Sweden; Switzerland; USA; United Arab Emirates; United Kingdom; United Nations,"The Surveillance System for Attacks on Health Care (SSA) platform, developed by WHO, collects data on incidents that threaten health care in conflict settings. It provides dashboards and data to support protection analysis.",https://extranet.who.int/ssa/LeftMenu/Index.aspx
World Weather Information Service (WWIS),WMO: World Meteorological Organization ,Crisis Analytics & Insights,African Union; Canada; China; European Union; International Financial Institutions (IFIs); South Korea; Switzerland; USA; United Kingdom; United Nations,"WWIS is a centralized WMO platform that provides authoritative city-level weather forecasts and climate summaries, sourced from national meteorological and hydrological services. It supports risk awareness and decision-making by offering free, real-time access to standardized global weather data.",https://worldweather.wmo.int/en/home.html
DataBank / Open Data Catalog,World Bank Group ,Infrastructure & Platforms,,"The Data Catalog is designed to make World Bank’s development data easy to find, download, use, and share. It includes data from the World Bank’s microdata, finances, and energy data platforms, as well as datasets from the open data catalog. There are different ways to access and download datasets.",https://datacatalog.worldbank.org/home
Famine Action Mechanism (FAM),World Bank Group ,Crisis Analytics & Insights,,The Famine Action Mechanism (FAM) is a global partnership dedicated to scaling up anticipatory and early action to protect lives and livelihoods from emerging food security crises.,https://www.worldbank.org/en/programs/famine-early-action-mechanism
"Fragility, Conflict, and Violence (FCV) Data",World Bank Group ,Data Sets & Commons,,"This platform curates and disseminates datasets, reports, and indicators related to fragility, conflict, and violence. It supports development and humanitarian actors by improving access to evidence on conflict dynamics and institutional resilience.",https://www.worldbank.org/en/topic/fragilityconflictviolence
Fragility Forum,World Bank Group ,Learning & Exchange,,"The Fragility Forum is a bi-annual event organized by the World Bank Group that brings together practitioners and policymakers from around the world to exchange knowledge and experience on engaging in environments affected by fragility, conflict, and violence.",https://www.worldbank.org/en/events/2024/02/27/fragility-forum-2024
Global Crisis Risk Platform (GCRP),World Bank Group ,Crisis Analytics & Insights; Human Capital & Know-how,,"The Global Crisis Risk Platform (GCRP) is an integrated analytics platform designed to assess and anticipate multidimensional crisis risks. It provides open-access dashboards, country risk profiles, and composite indicators to support anticipatory action and inform crisis financing decisions.",https://www.worldbank.org/en/topic/fragilityconflictviolence/brief/global-crisis-risk-platform-gcrp
World Bank Living Standards Measurement Study (LSMS),World Bank Group ,Data Sets & Commons,,"The World Bank Living Standards Measurement Study (LSMS) is the World Bank’s flagship household survey initiative that provides high-quality, nationally representative panel data for analyzing poverty, inequality, and livelihoods. Datasets are downloadable through the World Bank Microdata Library and are used to support data-driven policymaking.",https://www.worldbank.org/en/programs/lsms
World Bank Microdata Library,World Bank Group ,Infrastructure & Platforms,,"The Microdata Library is a collection of datasets from the World Bank and other international, regional, and national organizations. The World Bank’s Microdata Library facilitates access to microdata collected through sample surveys of households, business establishments, or other facilities. These microdata provide information about people living in developing countries, their institutions, their environment, their communities, and the operation of their economies. Many of these datasets are available as open data; users should check the terms of use associated with each dataset.",https://microdata.worldbank.org/index.php/home
Data Collection and Surveys,World Bank-UNHCR Joint Data Center on Forced Displacement ,Crisis Analytics & Insights,CRAF’d; Denmark; European Union; International Financial Institutions (IFIs); USA,"Data Collection and Surveys support the production of high-quality socioeconomic data by integrating refugees, internally displaced persons, and other forcibly displaced or stateless populations into national household surveys and censuses, strengthening the evidence base for development policy and humanitarian response.",https://www.jointdatacenter.org/data-activities/data-collection-and-surveys/
Data Standards and Governance,World Bank-UNHCR Joint Data Center on Forced Displacement ,Standards & Coordination,CRAF’d; Denmark; European Union; International Financial Institutions (IFIs); USA,"Data Standards and Governance strengthens national and international statistical practices related to forced displacement by supporting the development of data governance recommendations, standard definitions, and harmonized methods. Activities include advancing statistical inclusion, improving microdata access, and enhancing UNHCR’s global registration systems.",https://www.jointdatacenter.org/data-activities/data-standards-and-governance/
Data Systems and Tools,World Bank-UNHCR Joint Data Center on Forced Displacement ,Data Sets & Commons,CRAF’d; Denmark; European Union; International Financial Institutions (IFIs); USA,"Data Systems and Tools develop and strengthen innovative methods and platforms to improve the availability and quality of data on forcibly displaced populations. Activities include enhancing microdata access, advancing geospatial analytics, supporting global data platforms, and improving field data collection tools such as KoBoToolbox.",https://www.jointdatacenter.org/data-activities/data-systems-and-tools/
Administrative Areas Data,WorldPop,Data Sets & Commons,Foundations; International Financial Institutions (IFIs); Non-Governmental Organizations; Norway; USA; United Kingdom,"Provides standardized global administrative boundary datasets, essential for geospatial analysis and mapping. Open-access and regularly updated, these boundaries support humanitarian planning, statistical frameworks, and international data interoperability.",https://hub.worldpop.org/project/categories?id=17
Population Data,WorldPop,Data Sets & Commons,Foundations; Non-Governmental Organizations; Norway; United Kingdom,"WorldPop is an interdisciplinary applied research group that focuses on supporting the improvement of the spatial demographic evidence base and the use of these data for health and development applications, including addressing the Sustainable Development Goals. The group’s mission is to enable decision makers to harness the power of spatial demographic data through high quality applied research, with the vision of a world where everyone, everywhere is counted in decision making.",https://www.worldpop.org/
Population Gridded Dataset,WorldPop,Data Sets & Commons,Foundations; International Financial Institutions (IFIs); Non-Governmental Organizations; Norway; USA; United Kingdom,"WorldPop is an interdisciplinary applied research group that focuses on supporting the improvement of the spatial demographic evidence base and the use of these data for health and development applications, including addressing the Sustainable Development Goals. The group’s mission is to enable decision makers to harness the power of spatial demographic data through high quality applied research, with the vision of a world where everyone, everywhere is counted in decision making.",https://www.worldpop.org/methods/population-estimation-for-sustainable-development/
WPDx Platform,WPDx: Water Point Data Exchange ,Infrastructure & Platforms; Standards & Coordination,Foundations; USA; United Nations,"The Water Point Data Exchange (WPDx) platform is a global open data system that compiles and standardizes information on water point locations and characteristics from multiple countries. Hosted by the Global Water Challenge, it provides a critical repository for improving water service delivery by offering insights into functionality, service levels, and infrastructure gaps. WPDx data has been used by governments, NGOs, and development partners to enhance resource allocation, plan maintenance, and track progress toward water access goals, contributing to SDG 6.",https://www.waterpointdata.org/home/